-- phpMyAdmin SQL Dump
-- version 5.2.1
-- https://www.phpmyadmin.net/
--
-- Host: localhost:3306
-- Generation Time: Sep 05, 2025 at 01:30 PM
-- Server version: 9.1.0
-- PHP Version: 8.3.16

SET SQL_MODE = "NO_AUTO_VALUE_ON_ZERO";
START TRANSACTION;
SET time_zone = "+00:00";


/*!40101 SET @OLD_CHARACTER_SET_CLIENT=@@CHARACTER_SET_CLIENT */;
/*!40101 SET @OLD_CHARACTER_SET_RESULTS=@@CHARACTER_SET_RESULTS */;
/*!40101 SET @OLD_COLLATION_CONNECTION=@@COLLATION_CONNECTION */;
/*!40101 SET NAMES utf8mb4 */;

--
-- Database: `classvisit_db`
--

DELIMITER $$
--
-- Procedures
--
CREATE DEFINER=`root`@`localhost` PROCEDURE `safe_delete_subject` (IN `subject_id` INT, OUT `can_delete` BOOLEAN, OUT `message` VARCHAR(255))   BEGIN
    DECLARE visit_count INT;
    DECLARE teacher_count INT;
    
    -- التحقق من وجود زيارات مرتبطة بالمادة
    SELECT COUNT(*) INTO visit_count FROM visits WHERE subject_id = subject_id;
    
    -- التحقق من وجود معلمين مرتبطين بالمادة
    SELECT COUNT(*) INTO teacher_count FROM teacher_subjects WHERE subject_id = subject_id;
    
    IF visit_count > 0 THEN
        SET can_delete = FALSE;
        SET message = 'لا يمكن حذف هذه المادة لأنها مستخدمة في سجلات الزيارات';
    ELSEIF teacher_count > 0 THEN
        SET can_delete = FALSE;
        SET message = 'لا يمكن حذف هذه المادة لأنها مرتبطة بمعلمين';
    ELSE
        -- يمكن حذف المادة بأمان
        DELETE FROM subjects WHERE id = subject_id;
        SET can_delete = TRUE;
        SET message = 'تم حذف المادة بنجاح';
    END IF;
END$$

CREATE DEFINER=`root`@`localhost` PROCEDURE `update_subject` (IN `p_subject_id` INT, IN `p_name` VARCHAR(255), IN `p_school_id` INT, IN `p_is_school_specific` TINYINT(1), IN `p_updated_by` INT, OUT `success` BOOLEAN, OUT `message` VARCHAR(255))   BEGIN
    DECLARE EXIT HANDLER FOR SQLEXCEPTION
    BEGIN
        SET success = FALSE;
        SET message = 'حدث خطأ أثناء تحديث المادة';
        ROLLBACK;
    END;

    START TRANSACTION;
    
    IF p_is_school_specific = 0 THEN
        SET p_school_id = NULL;
    END IF;

    UPDATE subjects 
    SET 
        name = p_name,
        school_id = p_school_id,
        is_school_specific = p_is_school_specific,
        updated_by = p_updated_by,
        updated_at = CURRENT_TIMESTAMP
    WHERE id = p_subject_id;

    SET success = TRUE;
    SET message = 'تم تحديث المادة بنجاح';
    
    COMMIT;
END$$

DELIMITER ;

-- --------------------------------------------------------

--
-- Table structure for table `academic_years`
--

CREATE TABLE `academic_years` (
  `id` int NOT NULL,
  `name` varchar(255) CHARACTER SET utf8mb4 COLLATE utf8mb4_unicode_ci NOT NULL,
  `first_term_start` date DEFAULT NULL,
  `first_term_end` date DEFAULT NULL,
  `second_term_start` date DEFAULT NULL,
  `second_term_end` date DEFAULT NULL,
  `is_active` tinyint(1) NOT NULL DEFAULT '0',
  `created_at` timestamp NULL DEFAULT CURRENT_TIMESTAMP,
  `updated_at` timestamp NULL DEFAULT CURRENT_TIMESTAMP ON UPDATE CURRENT_TIMESTAMP,
  `is_current` tinyint(1) DEFAULT '0'
) ENGINE=InnoDB DEFAULT CHARSET=utf8mb4 COLLATE=utf8mb4_unicode_ci;

--
-- Dumping data for table `academic_years`
--

INSERT INTO `academic_years` (`id`, `name`, `first_term_start`, `first_term_end`, `second_term_start`, `second_term_end`, `is_active`, `created_at`, `updated_at`, `is_current`) VALUES
(1, '2024/2025', '2024-09-01', '2024-12-31', '2025-01-01', '2025-05-31', 1, '2025-05-14 17:48:51', '2025-05-16 14:36:48', 1),
(2, '2025/2026', '2025-08-24', '2025-12-30', '2026-01-01', '2026-06-30', 0, '2025-05-16 06:53:05', '2025-09-04 18:23:30', 0);

-- --------------------------------------------------------

--
-- Table structure for table `educational_levels`
--

CREATE TABLE `educational_levels` (
  `id` int NOT NULL,
  `name` varchar(255) CHARACTER SET utf8mb4 COLLATE utf8mb4_unicode_ci NOT NULL,
  `created_at` timestamp NULL DEFAULT CURRENT_TIMESTAMP,
  `updated_at` timestamp NULL DEFAULT CURRENT_TIMESTAMP ON UPDATE CURRENT_TIMESTAMP
) ENGINE=InnoDB DEFAULT CHARSET=utf8mb4 COLLATE=utf8mb4_unicode_ci;

--
-- Dumping data for table `educational_levels`
--

INSERT INTO `educational_levels` (`id`, `name`, `created_at`, `updated_at`) VALUES
(1, 'الابتدائية', '2025-05-14 17:48:51', '2025-05-14 17:48:51'),
(2, 'الإعدادية', '2025-05-14 17:48:51', '2025-05-14 17:48:51'),
(3, 'الثانوية', '2025-05-14 17:48:51', '2025-05-14 17:48:51');

-- --------------------------------------------------------

--
-- Table structure for table `evaluation_domains`
--

CREATE TABLE `evaluation_domains` (
  `id` int NOT NULL,
  `name` varchar(255) CHARACTER SET utf8mb4 COLLATE utf8mb4_unicode_ci NOT NULL,
  `description` text CHARACTER SET utf8mb4 COLLATE utf8mb4_unicode_ci,
  `weight` decimal(5,2) NOT NULL DEFAULT '0.00',
  `created_at` timestamp NULL DEFAULT CURRENT_TIMESTAMP,
  `updated_at` timestamp NULL DEFAULT CURRENT_TIMESTAMP ON UPDATE CURRENT_TIMESTAMP,
  `sort_order` int DEFAULT '0'
) ENGINE=InnoDB DEFAULT CHARSET=utf8mb4 COLLATE=utf8mb4_unicode_ci;

--
-- Dumping data for table `evaluation_domains`
--

INSERT INTO `evaluation_domains` (`id`, `name`, `description`, `weight`, `created_at`, `updated_at`, `sort_order`) VALUES
(1, 'التخطيط للدرس', NULL, 100.00, '2025-05-14 17:48:51', '2025-09-04 18:35:05', 1),
(2, 'تنفيذ الدرس', NULL, 100.00, '2025-05-14 17:48:51', '2025-09-04 18:35:05', 2),
(3, 'التقويم', NULL, 100.00, '2025-05-14 17:48:51', '2025-09-04 18:35:05', 3),
(4, 'الإدارة الصفية وبيئة التعلم', NULL, 100.00, '2025-05-14 17:48:51', '2025-09-04 18:35:05', 4),
(5, 'جزء خاص بمادة العلوم (النشاط العملي)', NULL, 100.00, '2025-05-14 17:48:51', '2025-09-04 18:35:05', 5);

-- --------------------------------------------------------

--
-- Table structure for table `evaluation_indicators`
--

CREATE TABLE `evaluation_indicators` (
  `id` int NOT NULL,
  `domain_id` int NOT NULL,
  `name` varchar(255) CHARACTER SET utf8mb4 COLLATE utf8mb4_unicode_ci NOT NULL,
  `description` text CHARACTER SET utf8mb4 COLLATE utf8mb4_unicode_ci,
  `weight` decimal(5,2) NOT NULL DEFAULT '0.00',
  `created_at` timestamp NULL DEFAULT CURRENT_TIMESTAMP,
  `updated_at` timestamp NULL DEFAULT CURRENT_TIMESTAMP ON UPDATE CURRENT_TIMESTAMP,
  `sort_order` int DEFAULT '0'
) ENGINE=InnoDB DEFAULT CHARSET=utf8mb4 COLLATE=utf8mb4_unicode_ci;

--
-- Dumping data for table `evaluation_indicators`
--

INSERT INTO `evaluation_indicators` (`id`, `domain_id`, `name`, `description`, `weight`, `created_at`, `updated_at`, `sort_order`) VALUES
(1, 1, 'خطة الدرس متوفرة وبنودها مستكملة ومناسبة.', NULL, 0.00, '2025-05-16 08:25:23', '2025-09-04 18:35:05', 1),
(2, 1, 'أهداف التعلم مناسبة ودقيقة الصياغة وقابلة للقياس.', NULL, 0.00, '2025-05-16 08:25:23', '2025-09-04 18:35:05', 2),
(3, 1, 'أنشطة الدرس الرئيسة واضحة ومتدرجة ومرتبطة بالأهداف.', NULL, 0.00, '2025-05-16 08:25:23', '2025-09-04 18:35:05', 3),
(4, 2, 'أهداف التعلم معروضة ويتم مناقشتها.', NULL, 0.00, '2025-05-16 08:25:23', '2025-09-04 18:35:05', 4),
(5, 2, 'أنشطة التمهيد مفعلة بشكل مناسب.', NULL, 0.00, '2025-05-16 08:25:23', '2025-09-04 18:35:05', 5),
(6, 2, 'محتوى الدرس واضح والعرض منظّم ومترابط.', NULL, 0.00, '2025-05-16 08:25:23', '2025-09-04 18:35:05', 6),
(7, 2, 'طرائق التدريس وإستراتيجياته متنوعه وتتمحور حول الطالب.', NULL, 0.00, '2025-05-16 08:25:23', '2025-09-04 18:35:05', 7),
(8, 2, 'مصادر التعلم الرئيسة والمساندة موظّفة بصورة واضحة وسليمة.', NULL, 0.00, '2025-05-16 08:25:23', '2025-09-04 18:35:05', 8),
(9, 2, 'الوسائل التعليميّة والتكنولوجيا موظّفة بصورة مناسبة.', NULL, 0.00, '2025-05-16 08:25:23', '2025-09-04 18:35:05', 9),
(10, 2, 'الأسئلة الصفية ذات صياغة سليمة ومتدرجة ومثيرة للتفكير.', NULL, 0.00, '2025-05-16 08:25:23', '2025-09-04 18:35:05', 10),
(11, 2, 'المادة العلمية دقيقة و مناسبة.', NULL, 0.00, '2025-05-16 08:25:23', '2025-09-04 18:35:05', 11),
(12, 2, 'الكفايات الأساسية متضمنة في السياق المعرفي للدرس.', NULL, 0.00, '2025-05-16 08:25:23', '2025-09-04 18:35:05', 12),
(13, 2, 'القيم الأساسية متضمنة في السياق المعرفي للدرس.', NULL, 0.00, '2025-05-16 08:25:23', '2025-09-04 18:35:05', 13),
(14, 2, 'التكامل بين محاور المادة ومع المواد الأخرى يتم بشكل مناسب.', NULL, 0.00, '2025-05-16 08:25:23', '2025-09-04 18:35:05', 14),
(15, 2, 'الفروق الفردية بين الطلبة يتم مراعاتها.', NULL, 0.00, '2025-05-16 08:25:23', '2025-09-04 18:35:05', 15),
(16, 2, 'غلق الدرس يتم بشكل مناسب.', NULL, 0.00, '2025-05-16 08:25:23', '2025-09-04 18:35:05', 16),
(17, 3, 'أساليب التقويم (القبلي والبنائي والختامي) مناسبة ومتنوعة.', NULL, 0.00, '2025-05-16 08:25:23', '2025-09-04 18:35:05', 17),
(18, 3, 'التغذية الراجعة متنوعة ومستمرة.', NULL, 0.00, '2025-05-16 08:25:23', '2025-09-04 18:35:05', 18),
(19, 3, 'أعمال الطلبة متابعة ومصححة بدقة ورقيًا وإلكترونيًا.', NULL, 0.00, '2025-05-16 08:25:23', '2025-09-04 18:35:05', 19),
(20, 4, 'البيئة الصفية إيجابية وآمنة وداعمة للتعلّم.', NULL, 0.00, '2025-05-16 08:25:23', '2025-09-04 18:35:05', 20),
(21, 4, 'إدارة أنشطة التعلّم والمشاركات الصّفيّة تتم بصورة منظمة.', NULL, 0.00, '2025-05-16 08:25:23', '2025-09-04 18:35:05', 21),
(22, 4, 'قوانين إدارة الصف وإدارة السلوك مفعّلة.', NULL, 0.00, '2025-05-16 08:25:23', '2025-09-04 18:35:05', 22),
(23, 4, 'الاستثمار الأمثل لزمن الحصة.', NULL, 0.00, '2025-05-16 08:25:23', '2025-09-04 18:35:05', 23),
(24, 5, 'مدى صلاحية و توافر الأدوات اللازمة لتنفيذ النشاط العملي وبكميات مناسبة.', NULL, 0.00, '2025-05-16 08:25:23', '2025-09-04 18:35:05', 24),
(25, 5, 'شرح اجراءات الأمن والسلامة المناسبة للتجربة ومتابعة تفعيلها.', NULL, 0.00, '2025-05-16 08:25:23', '2025-09-04 18:35:05', 25),
(26, 5, 'اعطاء تعليمات واضحة وسليمة لأداء النشاط العملي قبل وأثناء التنفيذ.', NULL, 0.00, '2025-05-16 08:25:23', '2025-09-04 18:35:05', 26),
(27, 5, 'تسجيل الطلبة للملاحظات والنتائج أثناء تنفيذ النشاط العملي.', NULL, 0.00, '2025-05-16 08:25:23', '2025-09-04 18:35:05', 27),
(28, 5, 'تقويم مهارات الطلبة أثناء تنفيذ النشاط العملي.', NULL, 0.00, '2025-05-16 08:25:23', '2025-09-04 18:35:05', 28),
(29, 5, 'تنويع أساليب تقديم التغذية الراجعة للطلبة لتنمية مهاراتهم.', NULL, 0.00, '2025-05-16 08:25:23', '2025-09-04 18:35:05', 29);

-- --------------------------------------------------------

--
-- Table structure for table `grades`
--

CREATE TABLE `grades` (
  `id` int NOT NULL,
  `name` varchar(255) CHARACTER SET utf8mb4 COLLATE utf8mb4_unicode_ci NOT NULL,
  `level_id` int NOT NULL,
  `created_at` timestamp NULL DEFAULT CURRENT_TIMESTAMP,
  `updated_at` timestamp NULL DEFAULT CURRENT_TIMESTAMP ON UPDATE CURRENT_TIMESTAMP
) ENGINE=InnoDB DEFAULT CHARSET=utf8mb4 COLLATE=utf8mb4_unicode_ci;

--
-- Dumping data for table `grades`
--

INSERT INTO `grades` (`id`, `name`, `level_id`, `created_at`, `updated_at`) VALUES
(1, 'الصف الأول', 1, '2025-05-14 14:48:51', '2025-05-14 14:48:51'),
(2, 'الصف الثاني', 1, '2025-05-14 14:48:51', '2025-05-14 14:48:51'),
(3, 'الصف الثالث', 1, '2025-05-14 14:48:51', '2025-05-14 14:48:51'),
(4, 'الصف الرابع', 1, '2025-05-14 14:48:51', '2025-05-14 14:48:51'),
(5, 'الصف الخامس', 1, '2025-05-14 14:48:51', '2025-05-14 14:48:51'),
(6, 'الصف السادس', 1, '2025-05-14 14:48:51', '2025-05-14 14:48:51'),
(7, 'الصف السابع', 2, '2025-05-14 14:48:51', '2025-05-14 14:48:51'),
(8, 'الصف الثامن', 2, '2025-05-14 14:48:51', '2025-05-14 14:48:51'),
(9, 'الصف التاسع', 2, '2025-05-14 14:48:51', '2025-05-14 14:48:51'),
(10, 'الصف العاشر', 3, '2025-05-14 14:48:51', '2025-05-14 14:48:51'),
(11, 'الصف الحادي عشر', 3, '2025-05-14 14:48:51', '2025-05-14 14:48:51'),
(12, 'الصف الثاني عشر', 3, '2025-05-14 14:48:51', '2025-05-14 14:48:51');

-- --------------------------------------------------------

--
-- Table structure for table `recommendations`
--

CREATE TABLE `recommendations` (
  `id` int NOT NULL,
  `indicator_id` int NOT NULL,
  `text` text CHARACTER SET utf8mb4 COLLATE utf8mb4_unicode_ci NOT NULL,
  `created_at` timestamp NULL DEFAULT CURRENT_TIMESTAMP,
  `updated_at` timestamp NULL DEFAULT CURRENT_TIMESTAMP ON UPDATE CURRENT_TIMESTAMP,
  `sort_order` int DEFAULT '1'
) ENGINE=InnoDB DEFAULT CHARSET=utf8mb4 COLLATE=utf8mb4_unicode_ci;

--
-- Dumping data for table `recommendations`
--

INSERT INTO `recommendations` (`id`, `indicator_id`, `text`, `created_at`, `updated_at`, `sort_order`) VALUES
(239, 1, 'يجب توفّر الخطّة على نظام قطر للتعليم.', '2025-05-16 09:23:39', '2025-05-16 09:23:39', 1),
(240, 1, 'يجب اتساق الخطّة زمنيا مع الخطة الفصلية.', '2025-05-16 09:23:39', '2025-05-16 09:23:39', 2),
(241, 1, 'يجب أن تكون الخطّة مكتوبة بلغة سليمة وتتسم بالدقة والوضوح.', '2025-05-16 09:23:39', '2025-05-16 09:23:39', 3),
(242, 1, 'يجب أن تتوافر التهيئة في الخطّة وأن تكون مرتبطة بموضوع الدرس وأهدافه.', '2025-05-16 09:23:39', '2025-05-16 09:23:39', 4),
(243, 1, 'يجب أن تتنوّع في الخطّة طرائق التدريس وإستراتيجياته.', '2025-05-16 09:23:39', '2025-05-16 09:23:39', 5),
(244, 1, 'يجب أن يحدّد المعلم في الخطّة التكامل مع المواد الأخرى بشكل واضح ومناسب.', '2025-05-16 09:23:39', '2025-05-16 09:23:39', 6),
(245, 1, 'يجب أن يكون غلق الدرس في الخطّة مناسبا للموضوع والأهداف.', '2025-05-16 09:23:39', '2025-05-16 09:23:39', 7),
(246, 1, 'يجب اختيار طرائق تقييم مناسبة ومتنوعة في الخطّة.', '2025-05-16 09:23:39', '2025-05-16 09:23:39', 8),
(247, 1, 'يجب استخدام النموذج المحدث للخطة', '2025-05-16 09:23:39', '2025-05-16 09:23:39', 9),
(248, 2, 'يجب أن تكون الأهداف مرتبطة بموضوع الدرس بما يتضمنه من معارف ومهارات.', '2025-05-16 09:23:39', '2025-05-16 09:23:39', 1),
(249, 2, 'يجب أن تكون الأهداف مصاغة بطريقة إجرائية سليمة وواضحة.', '2025-05-16 09:23:39', '2025-05-16 09:23:39', 2),
(250, 2, 'يجب أن تراعي الأهداف التنوع بين المستويات المعرفية والمهارية.', '2025-05-16 09:23:39', '2025-05-16 09:23:39', 3),
(251, 2, 'يجب أن تكون الأهداف قابلة للقياس.', '2025-05-16 09:23:39', '2025-05-16 09:23:39', 4),
(252, 3, 'يجب أن تكون الأنشطة مرتبطة بأهداف الدرس وتساعد على تحقيقها.', '2025-05-16 09:23:39', '2025-05-16 09:23:39', 1),
(253, 3, 'يجب أن تراعي الأنشطة التدرج والتسلسل في تحقيق أهداف الدرس.', '2025-05-16 09:23:39', '2025-05-16 09:23:39', 2),
(254, 3, 'يجب أن توضّح الأنشطة الرئيسة دور كل من المعلم والطالب.', '2025-05-16 09:23:39', '2025-05-16 09:23:39', 3),
(255, 3, 'يجب إن تعزّز الأنشطة الرئيسة الكفايات والقيم الأساسية ضمن السياق المعرفي.', '2025-05-16 09:23:39', '2025-05-16 09:23:39', 4),
(256, 3, 'يجب أن تراعي الأنشطة بوضوح الفروق الفردية بين الطلبة.', '2025-05-16 09:23:39', '2025-05-16 09:23:39', 5),
(257, 3, 'يجب أن يكون التوزيع الزمني محدد ومناسب للأنشطة.', '2025-05-16 09:23:39', '2025-05-16 09:23:39', 6),
(258, 3, 'يجب توضيح آلية توظيف أدوات التكنولوجيا في دور المعلم و المتعلم.', '2025-05-16 09:23:39', '2025-05-16 09:23:39', 7),
(259, 4, 'يجب أن يستعرض المعلم أهداف الدرس المخطط لها بداية درسه بصورة واضحة ومناسبة.', '2025-05-16 09:23:39', '2025-05-16 09:23:39', 1),
(260, 4, 'يجب التحقق من وضوح أهداف الدرس لدى الطلبة.', '2025-05-16 09:23:39', '2025-05-16 09:23:39', 2),
(261, 4, 'يجب أن تكون الأهداف كما هي مدونة في الخطة', '2025-05-16 09:23:39', '2025-05-16 09:23:39', 3),
(262, 5, 'يجب تنفيذ أنشطة التمهيد بطريقة جاذبة وشائقة.', '2025-05-16 09:23:39', '2025-05-16 09:23:39', 1),
(263, 5, 'يجب أن تكون أنشطة التمهيد ممهّدة للأنشطة الرئيسة وترتبط بها.', '2025-05-16 09:23:39', '2025-05-16 09:23:39', 2),
(264, 5, 'يجب تنفيذ أنشطة التمهيد ضمن الزمن المحدد لها.', '2025-05-16 09:23:39', '2025-05-16 09:23:39', 3),
(265, 5, 'يجب أن ترتبط أنشطة التمهيد بخبرات الطلبة الحياتية وتجاربهم السابقة.', '2025-05-16 09:23:39', '2025-05-16 09:23:39', 4),
(266, 6, 'يجب أن يكون محتوى الدرس معروضا بطريقة واضحة.', '2025-05-16 09:23:39', '2025-05-16 09:23:39', 1),
(267, 6, 'يجب أن يكون المحتوى مقدّما بصورة متدرجة ومنظمة وبأمثلة كافية.', '2025-05-16 09:23:39', '2025-05-16 09:23:39', 2),
(268, 6, 'يجب أن تكون خطوات تنفيذ الدرس مترابطة ومتصلة بالأهداف.', '2025-05-16 09:23:39', '2025-05-16 09:23:39', 3),
(269, 6, 'يجب ارتباط المحتوى بالبيئة والخبرات الحياتية.', '2025-05-16 09:23:39', '2025-05-16 09:23:39', 4),
(270, 7, 'يجب تطبيق إستراتيجيات تدريس تناسب أهداف الدرس وتراعي المتعلمين.', '2025-05-16 09:23:39', '2025-05-16 09:23:39', 1),
(271, 7, 'يجب تطبيق إستراتيجيات تدريس تراعي المتعلمين.', '2025-05-16 09:23:39', '2025-05-16 09:23:39', 2),
(272, 7, 'يجب تنفيذ الإستراتيجية بطريقة صحيحة، ووفق ما ورد في خطة الدرس.', '2025-05-16 09:23:39', '2025-05-16 09:23:39', 3),
(273, 7, 'يجب أن تكون الإستراتيجيات المنفذة متنوعة وتفعل دور الطالب في عملية التعلم.', '2025-05-16 09:23:39', '2025-05-16 09:23:39', 4),
(274, 8, 'يجب توظيف مصدر التعلم الرئيس بصورة واضحة وسليمة.', '2025-05-16 09:23:39', '2025-05-16 09:23:39', 1),
(275, 8, 'يجب توظيف مصادر مساندة ورقية تثري الدرس وتساعد على تحقيق أهدافه.', '2025-05-16 09:23:39', '2025-05-16 09:23:39', 2),
(276, 8, 'يجب نشر مصادر تعلم مساندة إلكترونية للمادة على نظام قطر للتعليم.', '2025-05-16 09:23:39', '2025-05-16 09:23:39', 3),
(277, 8, 'يجب الحرص على استخدام الطلبة مصادر التعلم أثناء الدرس.', '2025-05-16 09:23:39', '2025-05-16 09:23:39', 4),
(278, 8, 'يجب استخدام المصادر المتنوعة لمراعاة الفروق الفردية بين الطلبة.', '2025-05-16 09:23:39', '2025-05-16 09:23:39', 5),
(279, 9, 'يجب استخدام وسائل تعليمية متنوعة وفعالة.', '2025-05-16 09:23:39', '2025-05-16 09:23:39', 1),
(280, 9, 'يجب توظيف التكنولوجيا بما يخدم الموقف التعليمي والأهداف.', '2025-05-16 09:23:39', '2025-05-16 09:23:39', 2),
(281, 9, 'يجب تنظيم العرض السبوري.', '2025-05-16 09:23:39', '2025-05-16 09:23:39', 3),
(282, 9, 'يجب تفعيل السبورة التفاعلية بما يخدم الموقف التعليمي.', '2025-05-16 09:23:39', '2025-05-16 09:23:39', 4),
(283, 10, 'يجب أن تكون الأسئلة واضحة وصياغتها سليمة.', '2025-05-16 09:23:39', '2025-05-16 09:23:39', 1),
(284, 10, 'يجب أن تكون الأسئلة متنوعة ومتدرجة في مستوياتها.', '2025-05-16 09:23:39', '2025-05-16 09:23:39', 2),
(285, 10, 'يجب أن تكون الأسئلة مثيرة لاهتمام الطلبة وتحثهم على المشاركة وطرح الأسئلة.', '2025-05-16 09:23:39', '2025-05-16 09:23:39', 3),
(286, 10, 'يجب أن تعزّز الأسئلة الحوار والمناقشة بين الطالب والمعلم والطلبة فيما بينهم.', '2025-05-16 09:23:39', '2025-05-16 09:23:39', 4),
(287, 10, 'يجب أن تكون الأسئلة مثيرة للتفكير والتحدي لدى الطلبة.', '2025-05-16 09:23:39', '2025-05-16 09:23:39', 5),
(288, 11, 'يجب أن تكون المادة العلمية مرتبطة بأهداف الدرس.', '2025-05-16 09:23:39', '2025-05-16 09:23:39', 1),
(289, 11, 'يجب أن تكون المادة العلمية متوافقة مع مصدر التعلم.', '2025-05-16 09:23:39', '2025-05-16 09:23:39', 2),
(290, 11, 'يجب أن تكون المادة العلمية المقدمة صحيحة وسليمة وتخلو من الأخطاء العلمية واللغوية.', '2025-05-16 09:23:39', '2025-05-16 09:23:39', 3),
(291, 11, 'يجب وضوح المادة العلمية ومناسبة مفرداتها للمرحلة الدراسية.', '2025-05-16 09:23:39', '2025-05-16 09:23:39', 4),
(292, 11, 'يجب أن تكون المادة العلمية الإثرائية مستندة إلى مراجع موثوقة.', '2025-05-16 09:23:39', '2025-05-16 09:23:39', 5),
(293, 12, 'يجب أن يوفّر المعلم أنشطة تمكّن الطلبة من اقتراح البدائل وإنتاج أفكار بطرائق مبتكرة.', '2025-05-16 09:23:39', '2025-05-16 09:23:39', 1),
(294, 12, 'يجب أن يوفّر المعلم أنشطة تنمّي مهارات الطلبة اللغوية لتوظيفها في التعبير عن الآراء و الأفكار.', '2025-05-16 09:23:39', '2025-05-16 09:23:39', 2),
(295, 12, 'يجب أن يوفّر المعلم أنشطة تنمّي مهارات الطلبة العددية لتوظيفها في مواقف متنوعة.', '2025-05-16 09:23:39', '2025-05-16 09:23:39', 3),
(296, 12, 'يجب أن يوفّر المعلم أنشطة تمكّن الطلبة من التواصل استماعاً وتحدثاً وكتابة، وتوظيف ذلك لأغراض مختلفة.', '2025-05-16 09:23:39', '2025-05-16 09:23:39', 4),
(297, 12, 'يجب أن يوفّر المعلم للطلبة أنشطة العمل التشاركي واحترام الذات، وتقبّل التغير الإيجابي.', '2025-05-16 09:23:39', '2025-05-16 09:23:39', 5),
(298, 12, 'يجب أن يوفّر المعلم للطلبة أنشطة الاهتمام بالتقصي و توظيف التكنولوجيا في إعداد البحوث و مشاركتها.', '2025-05-16 09:23:39', '2025-05-16 09:23:39', 6),
(299, 12, 'يجب أن يوفّر المعلم للطلبة أنشطة تحديد المشكلات و التعاون مع الاخرين في اقتراح الحلول.', '2025-05-16 09:23:39', '2025-05-16 09:23:39', 7),
(300, 13, 'يجب أن يوفّر المعلم أنشطة تساهم في اعتزاز الطلبة باللغة العربية والتاريخ و التقاليد القطرية.', '2025-05-16 09:23:39', '2025-05-16 09:23:39', 1),
(301, 13, 'يجب أن يوفّر المعلم أنشطة احترام الطلبة للأخرين وتقديرهم لذواتهم.', '2025-05-16 09:23:39', '2025-05-16 09:23:39', 2),
(302, 13, 'يجب أن يوفّر المعلم أنشطة تعزّز ثقة الطلبة بقدرتهم على التعلم وبذل الجهد في ذلك.', '2025-05-16 09:23:39', '2025-05-16 09:23:39', 3),
(303, 13, 'يجب أن يوفّر المعلم أنشطة تحث الطلبة على الالتزام بحقوقهم وواجباتهم.', '2025-05-16 09:23:39', '2025-05-16 09:23:39', 4),
(304, 13, 'يجب أن يوفّر المعلم أنشطة لتطوير الطلبة أنماط حياتهم الصحّية.', '2025-05-16 09:23:39', '2025-05-16 09:23:39', 5),
(305, 14, 'يجب أن يربط المعلّم بين محاور المادة ومهاراتها بصورة فاعلة.', '2025-05-16 09:23:39', '2025-05-16 09:23:39', 1),
(306, 14, 'يجب أن يوظف المعلّم التكامل مع المواد الأخرى لتحقيق النمو المعرفي عند الطلاب.', '2025-05-16 09:23:39', '2025-05-16 09:23:39', 2),
(307, 15, 'يجب توزيع الطلبة بطريقة مناسبة وفق مستوياتهم والنشاط المنفذ.', '2025-05-16 09:23:39', '2025-05-16 09:23:39', 1),
(308, 15, 'يجب تقديم أنشطة وتدريبات تراعي الفروق الفردية.', '2025-05-16 09:23:39', '2025-05-16 09:23:39', 2),
(309, 15, 'يجب تقديم أنشطة وتدريبات تراعي أنماط التعلم (سمعي، بصري، حركي...).', '2025-05-16 09:23:39', '2025-05-16 09:23:39', 3),
(310, 15, 'يجب أن يتابع معلم الصف المواد التي يقدمها معلم الدعم للطلبة.', '2025-05-16 09:23:39', '2025-05-16 09:23:39', 4),
(311, 15, 'يجب تقديم التسهيلات والترتيبات اللازمة لطلاب الدعم.', '2025-05-16 09:23:39', '2025-05-16 09:23:39', 5),
(312, 15, 'يجب توظيف التكنولوجيا بما يراعي الفروق الفردية وطلاب الدعم.', '2025-05-16 09:23:39', '2025-05-16 09:23:39', 6),
(313, 16, 'يجب أن يكون غلق الدرس مناسبا وشاملا.', '2025-05-16 09:23:39', '2025-05-16 09:23:39', 1),
(314, 16, 'يجب أن يعكس الغلق تحقق أهداف الدرس.', '2025-05-16 09:23:39', '2025-05-16 09:23:39', 2),
(315, 16, 'يجب أن يكون الدور الأكبر في الغلق للطلبة.', '2025-05-16 09:23:39', '2025-05-16 09:23:39', 3),
(316, 16, 'يجب تنفيذ الغلق في الزمن المحدد له.', '2025-05-16 09:23:39', '2025-05-16 09:23:39', 4),
(317, 17, 'يجب أن يشمل التقويم جميع الأهداف المخطط لتحقيقها.', '2025-05-16 09:23:39', '2025-05-16 09:23:39', 1),
(318, 17, 'يجب التنويع في أساليب التقويم مراعاةً للفروق الفردية بين الطلبة.', '2025-05-16 09:23:39', '2025-05-16 09:23:39', 2),
(319, 17, 'يجب التنويع في استخدام أدوات التقويم بما يناسب الموقف التعليمي (ملاحظة المعلم ــ تقييم الذات ــ اختبارات ذهنية وشفوية ــ الأسئلة الشفوية – تطبيق إلكتروني – مناقشة إلكترونية ...).', '2025-05-16 09:23:39', '2025-05-16 09:23:39', 3),
(320, 17, 'يجب أن تكون عملية التقويم مستمرة قبل الدرس وأثناءه وبعده (قبلي– بنائي – ختامي).', '2025-05-16 09:23:39', '2025-05-16 09:23:39', 4),
(321, 17, 'يجب التنوع في أنماط ومستويات الأسئلة المدرجة في التقييمات وأوراق العمل الإلكترونية.', '2025-05-16 09:23:39', '2025-05-16 09:23:39', 5),
(322, 18, 'يجب تنويع أساليب التغذية الراجعة بما يناسب المتعلمين (فورية مؤجلة – لفظية مكتوبة ...).', '2025-05-16 09:23:39', '2025-05-16 09:23:39', 1),
(323, 18, 'يجب شمولية التغذية الراجعة واستمراريتها، بحيث تشمل جميع مراحل الدرس، وجميع المتعلمين على اختلاف مستوياتهم التحصيلية والعقلية والعمرية.', '2025-05-16 09:23:39', '2025-05-16 09:23:39', 2),
(324, 18, 'يجب تقييم إجابات الطلبة (الصحيحة والخاطئة) ومناقشتها، وربط إجاباتهم بمعارفهم السابقة.', '2025-05-16 09:23:39', '2025-05-16 09:23:39', 3),
(325, 18, 'يجب تشجيع الطلبة على تقديم التفسيرات والشروح المنطقية، ودعم إجاباتهم وأقوالهم بنصوص أو أمثلة أو بيانات.', '2025-05-16 09:23:39', '2025-05-16 09:23:39', 4),
(326, 18, 'يجب تحفيز الطلبة على تقييم استجابات بعضهم بعضا.', '2025-05-16 09:23:39', '2025-05-16 09:23:39', 5),
(327, 19, 'يجب تقديم التعليمات اللازمة لإنجاز الطلبة للأعمال الكتابية بدقة ووضوح والتأكد من فهمها.', '2025-05-16 09:23:39', '2025-05-16 09:23:39', 1),
(328, 19, 'يجب متابعة أعمال الطلبة بشكل دوري وتقويمها، سواء أكانت ورقية أم إلكترونية.', '2025-05-16 09:23:39', '2025-05-16 09:23:39', 2),
(329, 19, 'يجب تحري الدقة في تصحيح الأعمال التحريرية وتوجيه التغذية الراجعة المناسبة.', '2025-05-16 09:23:39', '2025-05-16 09:23:39', 3),
(330, 19, 'يجب إعلان الواجبات والاختبارات الورقية أو الإلكترونية للطلاب وأولياء الأمور بشكل دوري.', '2025-05-16 09:23:39', '2025-05-16 09:23:39', 4),
(331, 20, 'يجب أن يكون مكان الدرس جاهزا للتعليم والتعلم (نظافة – ترتيب ــ تهوية ــ إضاءة...).', '2025-05-16 09:23:39', '2025-05-16 09:23:39', 1),
(332, 20, 'يجب توجيه الطلبة إلى مراعاة قواعد الأمن والسلامة في الصف والمختبر ومعامل الحاسب.', '2025-05-16 09:23:39', '2025-05-16 09:23:39', 2),
(333, 20, 'يجب أن تكون طريقة جلوس الطلاب منظمة وتسهل التواصل والتعلم داخل الصف.', '2025-05-16 09:23:39', '2025-05-16 09:23:39', 3),
(334, 20, 'يجب أن تكون أعمال الطلبة معروضة ومحدثة داخل الصف.', '2025-05-16 09:23:39', '2025-05-16 09:23:39', 4),
(335, 20, 'يجب أن تكون أعمال الطلبة معروضة ومحدثة على نظام قطر للتعليم.', '2025-05-16 09:23:39', '2025-05-16 09:23:39', 5),
(336, 20, 'يجب بناء علاقات إيجابية وبناءة قائمة على الثقة والاحترام المتبادل بين الطالب والمعلم.', '2025-05-16 09:23:39', '2025-05-16 09:23:39', 6),
(337, 20, 'يجب تشجيع بناء علاقات إيجابية قائمة على الاحترام المتبادل والتعاون بين الطلاب.', '2025-05-16 09:23:39', '2025-05-16 09:23:39', 7),
(338, 20, 'يجب إثارة دافعية الطلبة للمشاركة في أنشطة التعلم بفاعلية.', '2025-05-16 09:23:39', '2025-05-16 09:23:39', 8),
(339, 21, 'يجب تنظيم مشاركات الطلبة ومناقشاتهم الصفية.', '2025-05-16 09:23:39', '2025-05-16 09:23:39', 1),
(340, 21, 'يجب توجيه تعليمات واضحة ومحددة قبل بدء النشاط وأثناء تنفيذه.', '2025-05-16 09:23:39', '2025-05-16 09:23:39', 2),
(341, 21, 'يجب متابعة استجابة الطلبة للتوجيهات وتنفيذها.', '2025-05-16 09:23:39', '2025-05-16 09:23:39', 3),
(342, 21, 'يجب أن تسهم حركة المعلم بين الطلبة أثناء تنفيذ الأنشطة في متابعة الطلبة وتقديم الدعم المناسب لهم.', '2025-05-16 09:23:39', '2025-05-16 09:23:39', 4),
(343, 21, 'يجب إعطاء الفرصة للطلاب في التفكير في الحل', '2025-05-16 09:23:39', '2025-05-16 09:23:39', 5),
(344, 22, 'يجب أن تكون القوانين الصفية ثابتة وواضحة ويعي الطلبة ما يترتب عليها من إجراءات في حالة المخالفة.', '2025-05-16 09:23:39', '2025-05-16 09:23:39', 1),
(345, 22, 'يجب استخدام وسائل وأساليب تربوية متنوعة لتعزيز السلوكيات الإيجابية.', '2025-05-16 09:23:39', '2025-05-16 09:23:39', 2),
(346, 22, 'يجب استخدام وسائل وأساليب تربوية متنوعة لتقويم السلوكيات غير المرغوبة.', '2025-05-16 09:23:39', '2025-05-16 09:23:39', 3),
(347, 23, 'يجب مراعاة الوقت الكافي والمخصص لكل مراحل الدرس (التهيئة ــ العرض –الغلق).', '2025-05-16 09:23:39', '2025-05-16 09:23:39', 1),
(348, 23, 'يجب استخدام وسائل مختلفة لضمان الالتزام بالزمن المحدد للأنشطة (مثل المؤقت أو العد التنازلي ــ الخ ...).', '2025-05-16 09:23:39', '2025-05-16 09:23:39', 2),
(349, 24, 'يجب التأكد من صلاحية الأدوات وتوافرها بالكميات الكافية لجميع الطلاب لتنفيذ التجربة دون عوائق.', '2025-05-16 09:23:39', '2025-05-16 09:23:39', 1),
(350, 25, 'يجب شرح إجراءات الأمن والسلامة بوضوح، ومتابعة تنفيذها من قبل الطلاب أثناء التجربة.', '2025-05-16 09:23:39', '2025-05-16 09:23:39', 1),
(351, 26, 'يجب أن تكون التعليمات دقيقة ومبسطة، وتُعطى في الوقت المناسب قبل وأثناء النشاط العملي.', '2025-05-16 09:23:39', '2025-05-16 09:23:39', 1),
(352, 27, 'يجب تدريب الطلبة على تدوين الملاحظات والنتائج بشكل منظم أثناء أداء النشاط، لتعزيز مهارات الملاحظة والتوثيق.', '2025-05-16 09:23:39', '2025-05-16 09:23:39', 1),
(353, 28, 'يجب أن يتم تقويم أداء الطلبة بشكل فردي أو جماعي أثناء التجربة، ومراعاة تطبيق المهارات العلمية والعملية.', '2025-05-16 09:23:39', '2025-05-16 09:23:39', 1),
(354, 29, 'يجب استخدام أساليب متنوعة للتغذية الراجعة (شفهية، كتابية، آنية أو مؤجلة) لمساعدة الطلبة على تحسين أدائهم وتطوير مهاراتهم.', '2025-05-16 09:23:39', '2025-05-16 09:23:39', 1);

-- --------------------------------------------------------

--
-- Table structure for table `schools`
--

CREATE TABLE `schools` (
  `id` int NOT NULL,
  `name` varchar(255) CHARACTER SET utf8mb4 COLLATE utf8mb4_unicode_ci NOT NULL,
  `phone` varchar(20) CHARACTER SET utf8mb4 COLLATE utf8mb4_unicode_ci DEFAULT NULL,
  `created_at` timestamp NULL DEFAULT CURRENT_TIMESTAMP,
  `updated_at` timestamp NULL DEFAULT CURRENT_TIMESTAMP ON UPDATE CURRENT_TIMESTAMP,
  `school_code` varchar(20) CHARACTER SET utf8mb4 COLLATE utf8mb4_unicode_ci DEFAULT NULL,
  `email` varchar(255) CHARACTER SET utf8mb4 COLLATE utf8mb4_unicode_ci DEFAULT NULL,
  `address` text CHARACTER SET utf8mb4 COLLATE utf8mb4_unicode_ci,
  `logo` varchar(255) CHARACTER SET utf8mb4 COLLATE utf8mb4_unicode_ci DEFAULT NULL
) ENGINE=InnoDB DEFAULT CHARSET=utf8mb4 COLLATE=utf8mb4_unicode_ci;

--
-- Dumping data for table `schools`
--

INSERT INTO `schools` (`id`, `name`, `phone`, `created_at`, `updated_at`, `school_code`, `email`, `address`, `logo`) VALUES
(1, 'عبد الله بن على المسند الثانوية للبنين', '30463336', '2025-05-15 21:52:39', '2025-05-16 08:07:43', '30244', 'info@education.qa', 'zone 74 - street 911 - villa 84', 'uploads/logos/school_logo_1747382863.jpg');

-- --------------------------------------------------------

--
-- Table structure for table `sections`
--

CREATE TABLE `sections` (
  `id` int NOT NULL,
  `name` varchar(255) CHARACTER SET utf8mb4 COLLATE utf8mb4_unicode_ci NOT NULL,
  `grade_id` int NOT NULL,
  `school_id` int NOT NULL,
  `created_at` timestamp NULL DEFAULT CURRENT_TIMESTAMP,
  `updated_at` timestamp NULL DEFAULT CURRENT_TIMESTAMP ON UPDATE CURRENT_TIMESTAMP
) ENGINE=InnoDB DEFAULT CHARSET=utf8mb4 COLLATE=utf8mb4_unicode_ci;

--
-- Dumping data for table `sections`
--

INSERT INTO `sections` (`id`, `name`, `grade_id`, `school_id`, `created_at`, `updated_at`) VALUES
(1, '1', 10, 1, '2025-05-16 07:59:29', '2025-05-16 07:59:29'),
(2, '2', 10, 1, '2025-05-16 07:59:38', '2025-05-16 07:59:38'),
(3, '3', 10, 1, '2025-05-16 07:59:44', '2025-05-16 07:59:44'),
(4, '4', 10, 1, '2025-05-16 07:59:47', '2025-05-16 07:59:47'),
(5, '5', 10, 1, '2025-05-16 07:59:52', '2025-05-16 07:59:52'),
(6, '6', 10, 1, '2025-05-16 07:59:56', '2025-05-16 07:59:56'),
(7, '1', 11, 1, '2025-05-16 08:00:04', '2025-05-16 08:00:04'),
(8, '2', 11, 1, '2025-05-16 08:00:07', '2025-05-16 08:00:07'),
(9, '3', 11, 1, '2025-05-16 08:00:12', '2025-05-16 08:00:12'),
(11, '4', 11, 1, '2025-05-16 08:00:23', '2025-05-16 08:00:23'),
(12, '5', 11, 1, '2025-05-16 08:00:35', '2025-05-16 08:00:35'),
(13, '6', 11, 1, '2025-05-16 08:00:38', '2025-05-16 08:00:38'),
(14, '7', 10, 1, '2025-05-16 08:00:47', '2025-05-16 08:00:47'),
(15, '1', 12, 1, '2025-05-16 08:00:52', '2025-05-16 08:00:52'),
(16, '2', 12, 1, '2025-05-16 08:00:55', '2025-05-16 08:00:55'),
(17, '3', 12, 1, '2025-05-16 08:00:58', '2025-05-16 08:00:58'),
(18, '4', 12, 1, '2025-05-16 08:01:02', '2025-05-16 08:01:02'),
(19, '5', 12, 1, '2025-05-16 08:01:06', '2025-05-16 08:01:06'),
(20, '6', 12, 1, '2025-05-16 08:01:10', '2025-05-16 08:01:10'),
(21, '7', 12, 1, '2025-05-16 08:01:16', '2025-05-16 08:01:16');

-- --------------------------------------------------------

--
-- Table structure for table `subjects`
--

CREATE TABLE `subjects` (
  `id` int NOT NULL,
  `name` varchar(255) CHARACTER SET utf8mb4 COLLATE utf8mb4_unicode_ci NOT NULL,
  `school_id` int DEFAULT NULL,
  `is_school_specific` tinyint(1) NOT NULL DEFAULT '0',
  `is_active` tinyint(1) NOT NULL DEFAULT '1',
  `created_by` int DEFAULT NULL,
  `updated_by` int DEFAULT NULL,
  `created_at` timestamp NULL DEFAULT CURRENT_TIMESTAMP,
  `updated_at` timestamp NULL DEFAULT CURRENT_TIMESTAMP ON UPDATE CURRENT_TIMESTAMP
) ENGINE=InnoDB DEFAULT CHARSET=utf8mb4 COLLATE=utf8mb4_unicode_ci;

--
-- Dumping data for table `subjects`
--

INSERT INTO `subjects` (`id`, `name`, `school_id`, `is_school_specific`, `is_active`, `created_by`, `updated_by`, `created_at`, `updated_at`) VALUES
(1, 'اللغة العربية', NULL, 1, 1, NULL, NULL, '2025-05-16 07:44:23', '2025-05-16 07:49:50'),
(2, 'اللغة الإنجليزية', NULL, 1, 1, NULL, NULL, '2025-05-16 07:44:23', '2025-05-16 07:49:47'),
(3, 'الرياضيات', NULL, 1, 1, NULL, NULL, '2025-05-16 07:44:23', '2025-05-16 07:49:35'),
(4, 'العلوم', NULL, 1, 1, NULL, NULL, '2025-05-16 07:44:23', '2025-05-16 07:49:38'),
(5, 'الفيزياء', NULL, 1, 1, NULL, NULL, '2025-05-16 07:44:23', '2025-05-16 07:49:41'),
(6, 'الكيمياء', NULL, 1, 1, NULL, NULL, '2025-05-16 07:44:23', '2025-05-16 07:49:44'),
(7, 'الأحياء', NULL, 1, 1, NULL, NULL, '2025-05-16 07:44:23', '2025-05-16 07:49:05'),
(8, 'التربية الإسلامية', NULL, 1, 1, NULL, NULL, '2025-05-16 07:44:23', '2025-05-16 07:49:13'),
(9, 'الدراسات الاجتماعية', NULL, 1, 1, NULL, NULL, '2025-05-16 07:44:23', '2025-05-16 07:49:32'),
(10, 'التربية الفنية', NULL, 1, 1, NULL, NULL, '2025-05-16 07:44:23', '2025-05-16 07:49:20'),
(11, 'التربية البدنية', NULL, 1, 1, NULL, NULL, '2025-05-16 07:44:23', '2025-05-16 07:49:17'),
(12, 'الحاسب الآلي', NULL, 1, 1, NULL, NULL, '2025-05-16 07:44:23', '2025-05-16 07:49:29'),
(13, 'المهارات الحياتية', NULL, 1, 1, NULL, NULL, '2025-05-16 07:44:23', '2025-05-16 07:49:58'),
(14, 'التربية الموسيقية', NULL, 1, 1, NULL, NULL, '2025-05-16 07:44:23', '2025-05-16 07:49:23'),
(15, 'اللغة الفرنسية', NULL, 1, 1, NULL, NULL, '2025-05-16 07:44:23', '2025-05-16 07:49:53'),
(16, 'التصميم والتكنولوجيا', NULL, 1, 1, NULL, NULL, '2025-05-16 07:44:23', '2025-05-16 07:49:26'),
(17, 'المكتبة والبحث', NULL, 1, 1, NULL, NULL, '2025-05-16 07:44:23', '2025-05-16 07:49:55');

-- --------------------------------------------------------

--
-- Table structure for table `teachers`
--

CREATE TABLE `teachers` (
  `id` int NOT NULL,
  `name` varchar(255) CHARACTER SET utf8mb4 COLLATE utf8mb4_unicode_ci NOT NULL,
  `personal_id` varchar(20) CHARACTER SET utf8mb4 COLLATE utf8mb4_unicode_ci NOT NULL,
  `email` varchar(255) CHARACTER SET utf8mb4 COLLATE utf8mb4_unicode_ci DEFAULT NULL,
  `job_title` varchar(50) CHARACTER SET utf8mb4 COLLATE utf8mb4_unicode_ci NOT NULL DEFAULT '????????',
  `phone` varchar(20) CHARACTER SET utf8mb4 COLLATE utf8mb4_unicode_ci DEFAULT NULL,
  `school_id` int NOT NULL,
  `created_at` timestamp NULL DEFAULT CURRENT_TIMESTAMP,
  `updated_at` timestamp NULL DEFAULT CURRENT_TIMESTAMP ON UPDATE CURRENT_TIMESTAMP
) ENGINE=InnoDB DEFAULT CHARSET=utf8mb4 COLLATE=utf8mb4_unicode_ci;

--
-- Dumping data for table `teachers`
--

INSERT INTO `teachers` (`id`, `name`, `personal_id`, `email`, `job_title`, `phone`, `school_id`, `created_at`, `updated_at`) VALUES
(1, 'جاسم جمعة المريخي', '28540000001', 'mohammed.alkuwari@edu.gov.qa', 'مدير', '97450000001', 1, '2025-05-16 07:44:23', '2025-05-16 09:19:51'),
(2, 'سيف النعيمي', '28540000002', 'khalid.alnaimi@edu.gov.qa', 'النائب الأكاديمي', '97450000002', 1, '2025-05-16 07:44:23', '2025-05-16 08:56:21'),
(3, 'أحمد محمد السليطي', '28540000003', 'ahmed.alsulaiti@edu.gov.qa', 'منسق المادة', '97450000003', 1, '2025-05-16 07:44:23', '2025-05-16 07:44:23'),
(4, 'فاطمة علي المري', '28540000004', 'fatima.almurri@edu.gov.qa', 'منسق المادة', '97450000004', 1, '2025-05-16 07:44:23', '2025-05-16 07:44:23'),
(5, 'عبدالرحمن حسن العمادي', '28540000005', 'abdulrahman.alamadi@edu.gov.qa', 'منسق المادة', '97450000005', 1, '2025-05-16 07:44:23', '2025-05-16 07:44:23'),
(6, 'نورة جاسم الكبيسي', '28540000006', 'noora.alkubaisi@edu.gov.qa', 'منسق المادة', '97450000006', 1, '2025-05-16 07:44:23', '2025-05-16 07:44:23'),
(7, 'حمد خليفة السويدي', '28540000007', 'hamad.alsuwaidi@edu.gov.qa', 'منسق المادة', '97450000007', 1, '2025-05-16 07:44:23', '2025-05-16 07:44:23'),
(8, 'مريم راشد المهندي', '28540000008', 'maryam.almuhannadi@edu.gov.qa', 'منسق المادة', '97450000008', 1, '2025-05-16 07:44:23', '2025-05-16 07:44:23'),
(9, 'عبدالله محمد الهاجري', '28540000009', 'abdullah.alhajri@edu.gov.qa', 'منسق المادة', '97450000009', 1, '2025-05-16 07:44:23', '2025-05-16 07:44:23'),
(10, 'عائشة سعيد العطية', '28540000010', 'aisha.alattiyah@edu.gov.qa', 'منسق المادة', '97450000010', 1, '2025-05-16 07:44:23', '2025-05-16 07:44:23'),
(11, 'يوسف علي الكواري', '28540000011', 'yousef.alkuwari@edu.gov.qa', 'منسق المادة', '97450000011', 1, '2025-05-16 07:44:23', '2025-05-16 07:44:23'),
(12, 'لطيفة جاسم المناعي', '28540000012', 'latifa.almanai@edu.gov.qa', 'منسق المادة', '97450000012', 1, '2025-05-16 07:44:23', '2025-05-16 07:44:23'),
(13, 'خالد محمد المالكي', '28540000013', 'khalid.almalki@edu.gov.qa', 'منسق المادة', '97450000013', 1, '2025-05-16 07:44:23', '2025-05-16 07:44:23'),
(14, 'شيخة حمد آل ثاني', '28540000014', 'shaikha.althani@edu.gov.qa', 'منسق المادة', '97450000014', 1, '2025-05-16 07:44:23', '2025-05-16 07:44:23'),
(15, 'جاسم أحمد البوعينين', '28540000015', 'jassim.alboenain@edu.gov.qa', 'منسق المادة', '97450000015', 1, '2025-05-16 07:44:23', '2025-05-16 07:44:23'),
(16, 'موزة خليفة النعيمي', '28540000016', 'moza.alnaimi@edu.gov.qa', 'منسق المادة', '97450000016', 1, '2025-05-16 07:44:23', '2025-05-16 07:44:23'),
(17, 'علي حسن الدرهم', '28540000017', 'ali.aldarham@edu.gov.qa', 'منسق المادة', '97450000017', 1, '2025-05-16 07:44:23', '2025-05-16 07:44:23'),
(18, 'حصة محمد المسند', '28540000018', 'hissa.almusnad@edu.gov.qa', 'منسق المادة', '97450000018', 1, '2025-05-16 07:44:23', '2025-05-16 07:44:23'),
(19, 'عبدالعزيز جاسم الدرويش', '28540000019', 'abdulaziz.aldarwish@edu.gov.qa', 'منسق المادة', '97450000019', 1, '2025-05-16 07:44:23', '2025-05-16 07:44:23'),
(20, 'د. ناصر علي المري', '28540000020', 'nasser.almurri@edu.gov.qa', 'موجه المادة', '97450000020', 1, '2025-05-16 07:44:23', '2025-05-16 07:44:23'),
(21, 'د. سارة محمد الكواري', '28540000021', 'sara.alkuwari@edu.gov.qa', 'موجه المادة', '97450000021', 1, '2025-05-16 07:44:23', '2025-05-16 07:44:23'),
(22, 'د. جاسم خالد النعيمي', '28540000022', 'jassim.alnaimi@edu.gov.qa', 'موجه المادة', '97450000022', 1, '2025-05-16 07:44:23', '2025-05-16 07:44:23'),
(23, 'د. عائشة أحمد السليطي', '28540000023', 'aisha.alsulaiti@edu.gov.qa', 'موجه المادة', '97450000023', 1, '2025-05-16 07:44:23', '2025-05-16 07:44:23'),
(24, 'د. خليفة حمد المهندي', '28540000024', 'khalifa.almuhannadi@edu.gov.qa', 'موجه المادة', '97450000024', 1, '2025-05-16 07:44:23', '2025-05-16 07:44:23'),
(25, 'د. نورة عبدالله العطية', '28540000025', 'noora.alattiyah@edu.gov.qa', 'موجه المادة', '97450000025', 1, '2025-05-16 07:44:23', '2025-05-16 07:44:23'),
(26, 'د. محمد راشد الهاجري', '28540000026', 'mohammed.alhajri@edu.gov.qa', 'موجه المادة', '97450000026', 1, '2025-05-16 07:44:23', '2025-05-16 07:44:23'),
(27, 'د. فاطمة جاسم المناعي', '28540000027', 'fatima.almanai@edu.gov.qa', 'موجه المادة', '97450000027', 1, '2025-05-16 07:44:23', '2025-05-16 07:44:23'),
(28, 'د. عبدالرحمن علي البوعينين', '28540000028', 'abdulrahman.alboenain@edu.gov.qa', 'موجه المادة', '97450000028', 1, '2025-05-16 07:44:23', '2025-05-16 07:44:23'),
(29, 'د. موزة سعيد آل ثاني', '28540000029', 'moza.althani@edu.gov.qa', 'موجه المادة', '97450000029', 1, '2025-05-16 07:44:23', '2025-05-16 07:44:23'),
(30, 'د. حمد خالد الدرويش', '28540000030', 'hamad.aldarwish@edu.gov.qa', 'موجه المادة', '97450000030', 1, '2025-05-16 07:44:23', '2025-05-16 07:44:23'),
(31, 'د. لطيفة محمد السويدي', '28540000031', 'latifa.alsuwaidi@edu.gov.qa', 'موجه المادة', '97450000031', 1, '2025-05-16 07:44:23', '2025-05-16 07:44:23'),
(32, 'د. يوسف حسن العمادي', '28540000032', 'yousef.alamadi@edu.gov.qa', 'موجه المادة', '97450000032', 1, '2025-05-16 07:44:23', '2025-05-16 07:44:23'),
(33, 'د. شيخة جاسم الكبيسي', '28540000033', 'shaikha.alkubaisi@edu.gov.qa', 'منسق المادة', '97450000033', 1, '2025-05-16 07:44:23', '2025-09-05 12:03:31'),
(34, 'د. علي عبدالله المالكي', '28540000034', 'ali.almalki@edu.gov.qa', 'موجه المادة', '97450000034', 1, '2025-05-16 07:44:23', '2025-05-16 07:44:23'),
(35, 'د. مريم خليفة الدرهم', '28540000035', 'maryam.aldarham@edu.gov.qa', 'موجه المادة', '97450000035', 1, '2025-05-16 07:44:23', '2025-05-16 07:44:23'),
(36, 'د. عبدالعزيز محمد المسند', '28540000036', 'abdulaziz.almusnad@edu.gov.qa', 'موجه المادة', '97450000036', 1, '2025-05-16 07:44:23', '2025-05-16 07:44:23'),
(37, 'سعيد محمد الكواري', '28540000037', 'saeed.alkuwari@edu.gov.qa', 'معلم', '97450000037', 1, '2025-05-16 07:44:23', '2025-05-16 07:44:23'),
(38, 'نورة علي المري', '28540000038', 'noora.almurri@edu.gov.qa', 'معلم', '97450000038', 1, '2025-05-16 07:44:23', '2025-05-16 07:44:23'),
(39, 'جاسم خالد السليطي', '28540000039', 'jassim.alsulaiti@edu.gov.qa', 'معلم', '97450000039', 1, '2025-05-16 07:44:23', '2025-05-16 07:44:23'),
(40, 'فاطمة أحمد النعيمي', '28540000040', 'fatima.alnaimi@edu.gov.qa', 'معلم', '97450000040', 1, '2025-05-16 07:44:23', '2025-05-16 07:44:23'),
(41, 'عبدالله حمد العمادي', '28540000041', 'abdullah.alamadi@edu.gov.qa', 'معلم', '97450000041', 1, '2025-05-16 07:44:23', '2025-05-16 07:44:23'),
(42, 'موزة راشد الكبيسي', '28540000042', 'moza.alkubaisi@edu.gov.qa', 'معلم', '97450000042', 1, '2025-05-16 07:44:23', '2025-05-16 07:44:23'),
(43, 'خليفة محمد السويدي', '28540000043', 'khalifa.alsuwaidi@edu.gov.qa', 'معلم', '97450000043', 1, '2025-05-16 07:44:23', '2025-05-16 07:44:23'),
(44, 'عائشة جاسم المهندي', '28540000044', 'aisha.almuhannadi@edu.gov.qa', 'معلم', '97450000044', 1, '2025-05-16 07:44:23', '2025-05-16 07:44:23'),
(45, 'حمد علي الهاجري', '28540000045', 'hamad.alhajri@edu.gov.qa', 'معلم', '97450000045', 1, '2025-05-16 07:44:23', '2025-05-16 07:44:23'),
(46, 'لطيفة سعيد العطية', '28540000046', 'latifa.alattiyah@edu.gov.qa', 'معلم', '97450000046', 1, '2025-05-16 07:44:23', '2025-05-16 07:44:23'),
(47, 'يوسف عبدالله الكواري', '28540000047', 'yousef.alkuwari2@edu.gov.qa', 'معلم', '97450000047', 1, '2025-05-16 07:44:23', '2025-05-16 07:44:23'),
(48, 'شيخة جاسم المناعي', '28540000048', 'shaikha.almanai@edu.gov.qa', 'معلم', '97450000048', 1, '2025-05-16 07:44:23', '2025-05-16 07:44:23'),
(49, 'علي محمد المالكي', '28540000049', 'ali.almalki2@edu.gov.qa', 'معلم', '97450000049', 1, '2025-05-16 07:44:23', '2025-05-16 07:44:23'),
(50, 'مريم خالد آل ثاني', '28540000050', 'maryam.althani@edu.gov.qa', 'معلم', '97450000050', 1, '2025-05-16 07:44:23', '2025-05-16 07:44:23'),
(51, 'عبدالرحمن حسن البوعينين', '28540000051', 'abdulrahman.alboenain2@edu.gov.qa', 'معلم', '97450000051', 1, '2025-05-16 07:44:23', '2025-05-16 07:44:23'),
(52, 'نورة خليفة النعيمي', '28540000052', 'noora.alnaimi2@edu.gov.qa', 'معلم', '97450000052', 1, '2025-05-16 07:44:23', '2025-05-16 07:44:23'),
(53, 'جاسم أحمد الدرهم', '28540000053', 'jassim.aldarham@edu.gov.qa', 'معلم', '97450000053', 1, '2025-05-16 07:44:23', '2025-05-16 07:44:23'),
(54, 'فاطمة محمد المسند', '28540000054', 'fatima.almusnad@edu.gov.qa', 'معلم', '97450000054', 1, '2025-05-16 07:44:23', '2025-05-16 07:44:23'),
(55, 'خالد علي الدرويش', '28540000055', 'khalid.aldarwish2@edu.gov.qa', 'معلم', '97450000055', 1, '2025-05-16 07:44:23', '2025-05-16 07:44:23'),
(56, 'عائشة راشد الكواري', '28540000056', 'aisha.alkuwari@edu.gov.qa', 'معلم', '97450000056', 1, '2025-05-16 07:44:23', '2025-05-16 07:44:23'),
(57, 'حمد جاسم المري', '28540000057', 'hamad.almurri@edu.gov.qa', 'معلم', '97450000057', 1, '2025-05-16 07:44:23', '2025-05-16 07:44:23'),
(58, 'موزة عبدالله السليطي', '28540000058', 'moza.alsulaiti@edu.gov.qa', 'معلم', '97450000058', 1, '2025-05-16 07:44:23', '2025-05-16 07:44:23'),
(59, 'عبدالعزيز محمد النعيمي', '28540000059', 'abdulaziz.alnaimi@edu.gov.qa', 'معلم', '97450000059', 1, '2025-05-16 07:44:23', '2025-05-16 07:44:23'),
(60, 'لطيفة خالد العمادي', '28540000060', 'latifa.alamadi@edu.gov.qa', 'معلم', '97450000060', 1, '2025-05-16 07:44:23', '2025-05-16 07:44:23'),
(61, 'سعيد أحمد الكبيسي', '28540000061', 'saeed.alkubaisi@edu.gov.qa', 'معلم', '97450000061', 1, '2025-05-16 07:44:23', '2025-05-16 07:44:23'),
(62, 'نورة حمد السويدي', '28540000062', 'noora.alsuwaidi@edu.gov.qa', 'معلم', '97450000062', 1, '2025-05-16 07:44:23', '2025-05-16 07:44:23'),
(63, 'جاسم علي المهندي', '28540000063', 'jassim.almuhannadi@edu.gov.qa', 'معلم', '97450000063', 1, '2025-05-16 07:44:23', '2025-05-16 07:44:23'),
(64, 'فاطمة راشد الهاجري', '28540000064', 'fatima.alhajri@edu.gov.qa', 'معلم', '97450000064', 1, '2025-05-16 07:44:23', '2025-05-16 07:44:23'),
(65, 'عبدالله جاسم العطية', '28540000065', 'abdullah.alattiyah@edu.gov.qa', 'معلم', '97450000065', 1, '2025-05-16 07:44:23', '2025-05-16 07:44:23'),
(66, 'موزة محمد الكواري', '28540000066', 'moza.alkuwari@edu.gov.qa', 'معلم', '97450000066', 1, '2025-05-16 07:44:23', '2025-05-16 07:44:23'),
(67, 'خليفة عبدالله المناعي', '28540000067', 'khalifa.almanai@edu.gov.qa', 'معلم', '97450000067', 1, '2025-05-16 07:44:23', '2025-05-16 07:44:23'),
(68, 'عائشة خالد المالكي', '28540000068', 'aisha.almalki@edu.gov.qa', 'معلم', '97450000068', 1, '2025-05-16 07:44:23', '2025-05-16 07:44:23'),
(69, 'حمد أحمد آل ثاني', '28540000069', 'hamad.althani@edu.gov.qa', 'معلم', '97450000069', 1, '2025-05-16 07:44:23', '2025-05-16 07:44:23'),
(70, 'لطيفة علي البوعينين', '28540000070', 'latifa.alboenain@edu.gov.qa', 'معلم', '97450000070', 1, '2025-05-16 07:44:23', '2025-05-16 07:44:23'),
(71, 'يوسف حمد النعيمي', '28540000071', 'yousef.alnaimi@edu.gov.qa', 'معلم', '97450000071', 1, '2025-05-16 07:44:23', '2025-05-16 07:44:23'),
(72, 'شيخة راشد الدرهم', '28540000072', 'shaikha.aldarham@edu.gov.qa', 'معلم', '97450000072', 1, '2025-05-16 07:44:23', '2025-05-16 07:44:23'),
(73, 'علي جاسم المسند', '28540000073', 'ali.almusnad@edu.gov.qa', 'معلم', '97450000073', 1, '2025-05-16 07:44:23', '2025-05-16 07:44:23'),
(74, 'مريم محمد الدرويش', '28540000074', 'maryam.aldarwish@edu.gov.qa', 'معلم', '97450000074', 1, '2025-05-16 07:44:23', '2025-05-16 07:44:23'),
(75, 'عبدالرحمن عبدالله الكواري', '28540000075', 'abdulrahman.alkuwari@edu.gov.qa', 'معلم', '97450000075', 1, '2025-05-16 07:44:23', '2025-05-16 07:44:23'),
(76, 'نورة خالد المري', '28540000076', 'noora.almurri2@edu.gov.qa', 'معلم', '97450000076', 1, '2025-05-16 07:44:23', '2025-05-16 07:44:23'),
(77, 'جاسم أحمد السليطي', '28540000077', 'jassim.alsulaiti2@edu.gov.qa', 'معلم', '97450000077', 1, '2025-05-16 07:44:23', '2025-05-16 07:44:23'),
(78, 'فاطمة حمد النعيمي', '28540000078', 'fatima.alnaimi2@edu.gov.qa', 'معلم', '97450000078', 1, '2025-05-16 07:44:23', '2025-05-16 07:44:23'),
(79, 'خالد علي العمادي', '28540000079', 'khalid.alamadi@edu.gov.qa', 'معلم', '97450000079', 1, '2025-05-16 07:44:23', '2025-05-16 07:44:23'),
(80, 'عائشة راشد الكبيسي', '28540000080', 'aisha.alkubaisi2@edu.gov.qa', 'معلم', '97450000080', 1, '2025-05-16 07:44:23', '2025-05-16 07:44:23'),
(81, 'حمد جاسم السويدي', '28540000081', 'hamad.alsuwaidi2@edu.gov.qa', 'معلم', '97450000081', 1, '2025-05-16 07:44:23', '2025-05-16 07:44:23'),
(82, 'موزة عبدالله المهندي', '28540000082', 'moza.almuhannadi2@edu.gov.qa', 'معلم', '97450000082', 1, '2025-05-16 07:44:23', '2025-05-16 07:44:23'),
(83, 'عبدالعزيز محمد الهاجري', '28540000083', 'abdulaziz.alhajri@edu.gov.qa', 'معلم', '97450000083', 1, '2025-05-16 07:44:23', '2025-05-16 07:44:23'),
(84, 'لطيفة خالد العطية', '28540000084', 'latifa.alattiyah2@edu.gov.qa', 'معلم', '97450000084', 1, '2025-05-16 07:44:23', '2025-05-16 07:44:23'),
(85, 'سعيد أحمد الكواري', '28540000085', 'saeed.alkuwari2@edu.gov.qa', 'معلم', '97450000085', 1, '2025-05-16 07:44:23', '2025-05-16 07:44:23');

-- --------------------------------------------------------

--
-- Table structure for table `teacher_subjects`
--

CREATE TABLE `teacher_subjects` (
  `id` int NOT NULL,
  `teacher_id` int NOT NULL,
  `subject_id` int NOT NULL,
  `created_at` timestamp NULL DEFAULT CURRENT_TIMESTAMP,
  `updated_at` timestamp NULL DEFAULT CURRENT_TIMESTAMP ON UPDATE CURRENT_TIMESTAMP
) ENGINE=InnoDB DEFAULT CHARSET=utf8mb4 COLLATE=utf8mb4_unicode_ci;

--
-- Dumping data for table `teacher_subjects`
--

INSERT INTO `teacher_subjects` (`id`, `teacher_id`, `subject_id`, `created_at`, `updated_at`) VALUES
(1, 3, 1, '2025-05-16 07:44:23', '2025-05-16 07:44:23'),
(2, 4, 2, '2025-05-16 07:44:23', '2025-05-16 07:44:23'),
(3, 5, 3, '2025-05-16 07:44:23', '2025-05-16 07:44:23'),
(4, 6, 4, '2025-05-16 07:44:23', '2025-05-16 07:44:23'),
(5, 7, 5, '2025-05-16 07:44:23', '2025-05-16 07:44:23'),
(6, 8, 6, '2025-05-16 07:44:23', '2025-05-16 07:44:23'),
(7, 9, 7, '2025-05-16 07:44:23', '2025-05-16 07:44:23'),
(8, 10, 8, '2025-05-16 07:44:23', '2025-05-16 07:44:23'),
(9, 11, 9, '2025-05-16 07:44:23', '2025-05-16 07:44:23'),
(10, 12, 10, '2025-05-16 07:44:23', '2025-05-16 07:44:23'),
(11, 13, 11, '2025-05-16 07:44:23', '2025-05-16 07:44:23'),
(12, 14, 12, '2025-05-16 07:44:23', '2025-05-16 07:44:23'),
(15, 17, 15, '2025-05-16 07:44:23', '2025-05-16 07:44:23'),
(16, 18, 16, '2025-05-16 07:44:23', '2025-05-16 07:44:23'),
(17, 19, 17, '2025-05-16 07:44:23', '2025-05-16 07:44:23'),
(32, 20, 1, '2025-05-16 07:44:24', '2025-05-16 07:44:24'),
(33, 21, 2, '2025-05-16 07:44:24', '2025-05-16 07:44:24'),
(34, 22, 3, '2025-05-16 07:44:24', '2025-05-16 07:44:24'),
(35, 23, 4, '2025-05-16 07:44:24', '2025-05-16 07:44:24'),
(36, 24, 5, '2025-05-16 07:44:24', '2025-05-16 07:44:24'),
(37, 25, 6, '2025-05-16 07:44:24', '2025-05-16 07:44:24'),
(38, 26, 7, '2025-05-16 07:44:24', '2025-05-16 07:44:24'),
(39, 27, 8, '2025-05-16 07:44:24', '2025-05-16 07:44:24'),
(40, 28, 9, '2025-05-16 07:44:24', '2025-05-16 07:44:24'),
(41, 29, 10, '2025-05-16 07:44:24', '2025-05-16 07:44:24'),
(42, 30, 11, '2025-05-16 07:44:24', '2025-05-16 07:44:24'),
(43, 31, 12, '2025-05-16 07:44:24', '2025-05-16 07:44:24'),
(44, 32, 13, '2025-05-16 07:44:24', '2025-05-16 07:44:24'),
(46, 34, 15, '2025-05-16 07:44:24', '2025-05-16 07:44:24'),
(47, 35, 16, '2025-05-16 07:44:24', '2025-05-16 07:44:24'),
(48, 36, 17, '2025-05-16 07:44:24', '2025-05-16 07:44:24'),
(63, 53, 1, '2025-05-16 07:45:56', '2025-05-16 07:45:56'),
(64, 77, 13, '2025-05-16 07:46:04', '2025-05-16 07:46:04'),
(65, 39, 16, '2025-05-16 07:46:23', '2025-05-16 07:46:23'),
(66, 63, 7, '2025-05-16 07:47:05', '2025-05-16 07:47:05'),
(67, 69, 7, '2025-05-16 07:47:13', '2025-05-16 07:47:13'),
(68, 81, 7, '2025-05-16 07:47:17', '2025-05-16 07:47:17'),
(69, 57, 3, '2025-05-16 07:47:27', '2025-05-16 07:47:27'),
(70, 45, 3, '2025-05-16 07:47:35', '2025-05-16 07:47:35'),
(72, 15, 13, '2025-05-16 07:48:42', '2025-05-16 07:48:42'),
(73, 16, 6, '2025-05-16 07:51:12', '2025-05-16 07:51:12'),
(74, 55, 7, '2025-09-04 19:36:24', '2025-09-04 19:36:24'),
(75, 79, 7, '2025-09-04 19:36:35', '2025-09-04 19:36:35'),
(76, 67, 5, '2025-09-05 11:05:12', '2025-09-05 11:05:12'),
(77, 43, 13, '2025-09-05 11:05:25', '2025-09-05 11:05:25'),
(78, 61, 1, '2025-09-05 11:05:41', '2025-09-05 11:05:41'),
(79, 85, 2, '2025-09-05 11:05:53', '2025-09-05 11:05:53'),
(80, 37, 6, '2025-09-05 11:06:13', '2025-09-05 11:06:13'),
(81, 48, 9, '2025-09-05 11:06:49', '2025-09-05 11:06:49'),
(82, 47, 12, '2025-09-05 11:07:05', '2025-09-05 11:07:05'),
(83, 71, 10, '2025-09-05 11:07:19', '2025-09-05 11:07:19'),
(84, 38, 1, '2025-09-05 11:09:33', '2025-09-05 11:09:33'),
(85, 72, 7, '2025-09-05 11:15:21', '2025-09-05 11:15:21'),
(86, 44, 7, '2025-09-05 11:15:39', '2025-09-05 11:15:39'),
(87, 68, 7, '2025-09-05 11:15:47', '2025-09-05 11:15:47'),
(88, 80, 7, '2025-09-05 11:15:55', '2025-09-05 11:15:55'),
(89, 75, 11, '2025-09-05 11:16:06', '2025-09-05 11:16:06'),
(90, 59, 7, '2025-09-05 11:16:15', '2025-09-05 11:16:15'),
(91, 83, 7, '2025-09-05 11:16:22', '2025-09-05 11:16:22'),
(92, 65, 6, '2025-09-05 11:16:34', '2025-09-05 11:16:34'),
(93, 51, 5, '2025-09-05 11:16:48', '2025-09-05 11:16:48'),
(94, 73, 7, '2025-09-05 11:16:55', '2025-09-05 11:16:55'),
(95, 52, 7, '2025-09-05 11:17:05', '2025-09-05 11:17:05'),
(97, 76, 7, '2025-09-05 11:17:21', '2025-09-05 11:17:21'),
(98, 62, 14, '2025-09-05 11:17:33', '2025-09-05 11:17:33'),
(99, 56, 12, '2025-09-05 11:17:51', '2025-09-05 11:17:51'),
(100, 41, 7, '2025-09-05 11:18:03', '2025-09-05 11:18:03'),
(101, 49, 8, '2025-09-05 11:18:15', '2025-09-05 11:18:15'),
(102, 40, 7, '2025-09-05 11:18:24', '2025-09-05 11:18:24'),
(103, 78, 7, '2025-09-05 11:18:32', '2025-09-05 11:18:32'),
(104, 64, 7, '2025-09-05 11:18:38', '2025-09-05 11:18:38'),
(105, 84, 7, '2025-09-05 11:18:47', '2025-09-05 11:18:47'),
(106, 54, 7, '2025-09-05 11:18:59', '2025-09-05 11:18:59'),
(107, 60, 7, '2025-09-05 11:19:16', '2025-09-05 11:19:16'),
(108, 46, 7, '2025-09-05 11:19:23', '2025-09-05 11:19:23'),
(109, 70, 7, '2025-09-05 11:19:30', '2025-09-05 11:19:30'),
(110, 50, 7, '2025-09-05 11:19:38', '2025-09-05 11:19:38'),
(111, 74, 7, '2025-09-05 11:19:47', '2025-09-05 11:19:47'),
(112, 42, 16, '2025-09-05 11:20:01', '2025-09-05 11:20:01'),
(113, 58, 7, '2025-09-05 11:20:08', '2025-09-05 11:20:08'),
(114, 82, 7, '2025-09-05 11:20:15', '2025-09-05 11:20:15'),
(115, 66, 7, '2025-09-05 11:20:22', '2025-09-05 11:20:22'),
(116, 33, 14, '2025-09-05 12:03:31', '2025-09-05 12:03:31');

-- --------------------------------------------------------

--
-- Table structure for table `visitor_types`
--

CREATE TABLE `visitor_types` (
  `id` int NOT NULL,
  `name` varchar(255) CHARACTER SET utf8mb4 COLLATE utf8mb4_unicode_ci NOT NULL,
  `created_at` timestamp NULL DEFAULT CURRENT_TIMESTAMP,
  `updated_at` timestamp NULL DEFAULT CURRENT_TIMESTAMP ON UPDATE CURRENT_TIMESTAMP
) ENGINE=InnoDB DEFAULT CHARSET=utf8mb4 COLLATE=utf8mb4_unicode_ci;

--
-- Dumping data for table `visitor_types`
--

INSERT INTO `visitor_types` (`id`, `name`, `created_at`, `updated_at`) VALUES
(15, 'منسق المادة', '2025-05-16 08:54:31', '2025-05-16 09:11:03'),
(16, 'موجه المادة', '2025-05-16 08:54:31', '2025-05-16 09:11:20'),
(17, 'النائب الأكاديمي', '2025-05-16 08:54:31', '2025-05-16 08:59:10'),
(18, 'مدير', '2025-05-16 08:54:31', '2025-05-16 09:11:37');

-- --------------------------------------------------------

--
-- Table structure for table `visits`
--

CREATE TABLE `visits` (
  `id` int NOT NULL,
  `school_id` int NOT NULL,
  `teacher_id` int NOT NULL,
  `subject_id` int NOT NULL,
  `grade_id` int NOT NULL,
  `section_id` int NOT NULL,
  `level_id` int NOT NULL,
  `visitor_type_id` int NOT NULL,
  `visitor_person_id` int DEFAULT NULL,
  `visit_date` date NOT NULL,
  `academic_year_id` int DEFAULT NULL,
  `visit_type` enum('full','partial') CHARACTER SET utf8mb4 COLLATE utf8mb4_unicode_ci NOT NULL DEFAULT 'full',
  `attendance_type` enum('physical','remote','hybrid') CHARACTER SET utf8mb4 COLLATE utf8mb4_unicode_ci NOT NULL DEFAULT 'physical',
  `has_lab` tinyint(1) NOT NULL DEFAULT '0',
  `general_notes` text CHARACTER SET utf8mb4 COLLATE utf8mb4_unicode_ci,
  `recommendation_notes` text CHARACTER SET utf8mb4 COLLATE utf8mb4_unicode_ci,
  `appreciation_notes` text CHARACTER SET utf8mb4 COLLATE utf8mb4_unicode_ci,
  `total_score` decimal(5,2) DEFAULT NULL,
  `created_at` timestamp NULL DEFAULT CURRENT_TIMESTAMP,
  `updated_at` timestamp NULL DEFAULT CURRENT_TIMESTAMP ON UPDATE CURRENT_TIMESTAMP
) ENGINE=InnoDB DEFAULT CHARSET=utf8mb4 COLLATE=utf8mb4_unicode_ci;

--
-- Dumping data for table `visits`
--

INSERT INTO `visits` (`id`, `school_id`, `teacher_id`, `subject_id`, `grade_id`, `section_id`, `level_id`, `visitor_type_id`, `visitor_person_id`, `visit_date`, `academic_year_id`, `visit_type`, `attendance_type`, `has_lab`, `general_notes`, `recommendation_notes`, `appreciation_notes`, `total_score`, `created_at`, `updated_at`) VALUES
(2, 1, 57, 3, 10, 1, 3, 16, 22, '2025-05-16', 1, 'full', 'physical', 0, '', 'ن ياهساي هس يس \r\nسيتب ن', '', 72.00, '2025-05-16 09:51:35', '2025-05-17 05:56:25'),
(3, 1, 45, 3, 11, 8, 3, 15, 5, '2025-05-16', 1, 'full', 'physical', 0, '', 'بالإهتمام باللغة العربية و الإستماع للطلاب ', 'تفانية و مجهوده ', 83.00, '2025-05-16 10:00:27', '2025-05-17 05:57:06'),
(4, 1, 57, 3, 12, 16, 3, 17, 2, '2025-05-16', 1, 'full', 'physical', 0, '', 'الإهتمام بالبلح ', 'بارك اللله فيك ', 68.00, '2025-05-16 11:43:34', '2025-05-16 11:43:34'),
(5, 1, 57, 3, 11, 9, 3, 16, 22, '2025-05-16', 1, 'full', 'physical', 0, '', 'بالاهتمام بالمظهر العام', 'اجتهادة فى الشرح', 73.00, '2025-05-16 11:48:11', '2025-05-16 11:48:11'),
(6, 1, 57, 3, 10, 1, 3, 16, 22, '2025-05-16', 1, 'full', 'physical', 0, '', 'بكل حاجة حلوة يا معلم ', 'علىكل حاجة اجتهدت فيها ', 77.00, '2025-05-16 12:35:30', '2025-05-16 12:35:30'),
(7, 1, 53, 1, 10, 1, 3, 15, 3, '2025-05-16', 1, 'full', 'physical', 0, '', 'مهنغعتفلقث عهنغتفقلثبي', 'هعغةىفقلارثيؤسء هوغعةىفقلارثيؤسء', 78.00, '2025-05-16 12:45:50', '2025-05-16 12:45:50'),
(8, 1, 53, 1, 10, 4, 3, 15, 3, '2025-05-16', 1, 'full', 'physical', 0, '', 'هسبعل مسهعثل بنعسغليبنعسغي', 'ثسبهع سثنعبغ فهعبف عغثعقغث', 12.00, '2025-05-16 14:36:03', '2025-05-16 14:36:03'),
(9, 1, 33, 14, 11, 8, 3, 18, 1, '2025-05-16', 1, 'full', 'physical', 0, '', 'هعغتفلقبثيصهعغةتفقلالر', 'خهعغتفلقبثوعغةىفقربيؤ', 89.00, '2025-05-16 15:06:23', '2025-05-16 15:06:23'),
(10, 1, 6, 4, 12, 17, 3, 17, 2, '2025-05-16', 1, 'full', 'physical', 1, '', 'مهنعتغفقلثصيسض', 'حك9خمهغعتىفقرثيؤسء', 114.00, '2025-05-16 15:08:09', '2025-05-16 15:08:09'),
(15, 1, 69, 7, 12, 21, 3, 18, 1, '2025-09-04', 1, 'full', 'physical', 0, '', 'تمام', 'تمام', 44.00, '2025-09-04 17:10:30', '2025-09-04 17:10:30'),
(16, 1, 5, 3, 12, 15, 3, 16, 22, '2025-09-12', 1, 'full', 'physical', 0, '', 'بتطوير التكنولوجيا', 'اهتمامه بالطلاب الضعاف', 68.00, '2025-09-04 17:50:18', '2025-09-04 17:50:18');

-- --------------------------------------------------------

--
-- Table structure for table `visit_evaluations`
--

CREATE TABLE `visit_evaluations` (
  `id` int NOT NULL,
  `visit_id` int NOT NULL,
  `indicator_id` int NOT NULL,
  `score` decimal(5,2) DEFAULT NULL,
  `recommendation_id` int DEFAULT NULL,
  `custom_recommendation` text CHARACTER SET utf8mb4 COLLATE utf8mb4_unicode_ci,
  `created_at` timestamp NULL DEFAULT CURRENT_TIMESTAMP,
  `updated_at` timestamp NULL DEFAULT CURRENT_TIMESTAMP ON UPDATE CURRENT_TIMESTAMP
) ENGINE=InnoDB DEFAULT CHARSET=utf8mb4 COLLATE=utf8mb4_unicode_ci;

--
-- Dumping data for table `visit_evaluations`
--

INSERT INTO `visit_evaluations` (`id`, `visit_id`, `indicator_id`, `score`, `recommendation_id`, `custom_recommendation`, `created_at`, `updated_at`) VALUES
(1, 2, 1, 3.00, NULL, '', '2025-05-16 09:51:35', '2025-09-04 17:07:50'),
(2, 2, 2, 3.00, NULL, '', '2025-05-16 09:51:35', '2025-09-04 17:07:50'),
(3, 2, 3, 3.00, 256, '', '2025-05-16 09:51:35', '2025-09-04 17:07:50'),
(4, 2, 4, 2.00, 261, '', '2025-05-16 09:51:35', '2025-09-04 17:07:50'),
(5, 2, 5, 2.00, NULL, '', '2025-05-16 09:51:35', '2025-09-04 17:07:50'),
(6, 2, 6, 2.00, NULL, '', '2025-05-16 09:51:35', '2025-09-04 17:07:50'),
(7, 2, 7, 2.00, 271, '', '2025-05-16 09:51:35', '2025-09-04 17:07:50'),
(8, 2, 8, 2.00, NULL, '', '2025-05-16 09:51:35', '2025-09-04 17:07:50'),
(9, 2, 9, 2.00, 282, '', '2025-05-16 09:51:35', '2025-09-04 17:07:50'),
(10, 2, 10, 1.00, NULL, '', '2025-05-16 09:51:35', '2025-09-04 17:07:50'),
(11, 2, 11, 2.00, NULL, '', '2025-05-16 09:51:35', '2025-09-04 17:07:50'),
(12, 2, 12, 3.00, NULL, '', '2025-05-16 09:51:35', '2025-09-04 17:07:50'),
(13, 2, 13, NULL, 304, '', '2025-05-16 09:51:35', '2025-09-04 17:27:52'),
(14, 2, 14, 3.00, NULL, '', '2025-05-16 09:51:35', '2025-09-04 17:07:50'),
(15, 2, 15, 3.00, NULL, '', '2025-05-16 09:51:35', '2025-09-04 17:07:50'),
(16, 2, 16, 3.00, 313, '', '2025-05-16 09:51:35', '2025-09-04 17:07:50'),
(17, 2, 17, 3.00, NULL, '', '2025-05-16 09:51:35', '2025-09-04 17:07:50'),
(18, 2, 18, 3.00, NULL, '', '2025-05-16 09:51:35', '2025-09-04 17:07:50'),
(19, 2, 19, 3.00, NULL, '', '2025-05-16 09:51:35', '2025-09-04 17:07:50'),
(20, 2, 20, NULL, 336, '', '2025-05-16 09:51:35', '2025-09-04 17:27:52'),
(21, 2, 21, NULL, NULL, '', '2025-05-16 09:51:35', '2025-09-04 17:07:50'),
(22, 2, 22, 2.00, 346, '', '2025-05-16 09:51:35', '2025-09-04 17:07:50'),
(23, 2, 23, 3.00, NULL, '', '2025-05-16 09:51:35', '2025-09-04 17:07:50'),
(24, 2, 24, NULL, NULL, '', '2025-05-16 09:51:35', '2025-09-04 17:07:50'),
(25, 2, 25, NULL, NULL, '', '2025-05-16 09:51:35', '2025-09-04 17:07:50'),
(26, 2, 26, NULL, NULL, '', '2025-05-16 09:51:35', '2025-09-04 17:07:50'),
(27, 2, 27, NULL, NULL, '', '2025-05-16 09:51:35', '2025-09-04 17:07:50'),
(28, 2, 28, NULL, NULL, '', '2025-05-16 09:51:35', '2025-09-04 17:07:50'),
(29, 2, 29, NULL, NULL, '', '2025-05-16 09:51:35', '2025-09-04 17:07:50'),
(30, 3, 1, 3.00, NULL, '', '2025-05-16 10:00:27', '2025-09-04 17:07:50'),
(31, 3, 2, 3.00, NULL, '', '2025-05-16 10:00:27', '2025-09-04 17:07:50'),
(32, 3, 3, 3.00, 252, '', '2025-05-16 10:00:27', '2025-09-04 17:07:50'),
(33, 3, 4, 3.00, NULL, '', '2025-05-16 10:00:27', '2025-09-04 17:07:50'),
(34, 3, 5, 3.00, NULL, '', '2025-05-16 10:00:27', '2025-09-04 17:07:50'),
(35, 3, 6, 3.00, NULL, '', '2025-05-16 10:00:27', '2025-09-04 17:07:50'),
(36, 3, 7, 3.00, NULL, '', '2025-05-16 10:00:27', '2025-09-04 17:07:50'),
(37, 3, 8, NULL, NULL, '', '2025-05-16 10:00:27', '2025-09-04 17:07:50'),
(38, 3, 9, 3.00, NULL, '', '2025-05-16 10:00:27', '2025-09-04 17:07:50'),
(39, 3, 10, 3.00, NULL, '', '2025-05-16 10:00:27', '2025-09-04 17:07:50'),
(40, 3, 11, 3.00, NULL, '', '2025-05-16 10:00:27', '2025-09-04 17:07:50'),
(41, 3, 12, 3.00, NULL, '', '2025-05-16 10:00:27', '2025-09-04 17:07:50'),
(42, 3, 13, 3.00, 301, '', '2025-05-16 10:00:27', '2025-09-04 17:07:50'),
(43, 3, 14, 3.00, NULL, '', '2025-05-16 10:00:27', '2025-09-04 17:07:50'),
(44, 3, 15, 3.00, 309, '', '2025-05-16 10:00:27', '2025-09-04 17:07:50'),
(45, 3, 16, 3.00, 314, '', '2025-05-16 10:00:27', '2025-09-04 17:07:50'),
(46, 3, 17, 3.00, 318, '', '2025-05-16 10:00:27', '2025-09-04 17:07:50'),
(47, 3, 18, 3.00, NULL, '', '2025-05-16 10:00:27', '2025-09-04 17:07:50'),
(48, 3, 19, 3.00, NULL, '', '2025-05-16 10:00:27', '2025-09-04 17:07:50'),
(49, 3, 20, 3.00, 331, '', '2025-05-16 10:00:27', '2025-09-04 17:07:50'),
(50, 3, 21, 3.00, NULL, '', '2025-05-16 10:00:27', '2025-09-04 17:07:50'),
(51, 3, 22, 3.00, NULL, '', '2025-05-16 10:00:27', '2025-09-04 17:07:50'),
(52, 3, 23, 3.00, NULL, '', '2025-05-16 10:00:27', '2025-09-04 17:07:50'),
(53, 3, 24, NULL, NULL, '', '2025-05-16 10:00:27', '2025-09-04 17:07:50'),
(54, 3, 25, NULL, NULL, '', '2025-05-16 10:00:27', '2025-09-04 17:07:50'),
(55, 3, 26, NULL, NULL, '', '2025-05-16 10:00:27', '2025-09-04 17:07:50'),
(56, 3, 27, NULL, NULL, '', '2025-05-16 10:00:27', '2025-09-04 17:07:50'),
(57, 3, 28, NULL, NULL, '', '2025-05-16 10:00:27', '2025-09-04 17:07:50'),
(58, 3, 29, NULL, NULL, '', '2025-05-16 10:00:27', '2025-09-04 17:07:50'),
(59, 4, 1, 3.00, 239, '', '2025-05-16 11:43:34', '2025-09-04 17:07:50'),
(60, 4, 2, 2.00, 250, 'عغفقلارثؤصء', '2025-05-16 11:43:34', '2025-09-04 17:07:50'),
(61, 4, 3, 1.00, 255, 'مهنعتغفقلاثؤ', '2025-05-16 11:43:34', '2025-09-04 17:07:50'),
(62, 4, 4, 1.00, 261, '', '2025-05-16 11:43:34', '2025-09-04 17:07:50'),
(63, 4, 5, 0.00, 262, 'هنعغتفقالث', '2025-05-16 11:43:34', '2025-09-04 17:07:50'),
(64, 4, 6, 3.00, NULL, '', '2025-05-16 11:43:34', '2025-09-04 17:07:50'),
(65, 4, 7, 2.00, NULL, '', '2025-05-16 11:43:34', '2025-09-04 17:07:50'),
(66, 4, 8, 3.00, NULL, '', '2025-05-16 11:43:34', '2025-09-04 17:07:50'),
(67, 4, 9, 3.00, NULL, '', '2025-05-16 11:43:34', '2025-09-04 17:07:50'),
(68, 4, 10, 3.00, NULL, '', '2025-05-16 11:43:34', '2025-09-04 17:07:50'),
(69, 4, 11, 2.00, NULL, '', '2025-05-16 11:43:34', '2025-09-04 17:07:50'),
(70, 4, 12, 1.00, 297, '', '2025-05-16 11:43:34', '2025-09-04 17:07:50'),
(71, 4, 13, 1.00, NULL, '', '2025-05-16 11:43:34', '2025-09-04 17:07:50'),
(72, 4, 14, 1.00, NULL, 'غتافلقبثيص', '2025-05-16 11:43:34', '2025-09-04 17:07:50'),
(73, 4, 15, NULL, 309, '', '2025-05-16 11:43:34', '2025-09-04 17:27:52'),
(74, 4, 16, NULL, NULL, '', '2025-05-16 11:43:34', '2025-09-04 17:07:50'),
(75, 4, 17, 3.00, NULL, '', '2025-05-16 11:43:34', '2025-09-04 17:07:50'),
(76, 4, 18, 3.00, NULL, '', '2025-05-16 11:43:34', '2025-09-04 17:07:50'),
(77, 4, 19, 3.00, 330, 'عنغتفقالثبيص', '2025-05-16 11:43:34', '2025-09-04 17:07:50'),
(78, 4, 20, 3.00, NULL, '', '2025-05-16 11:43:34', '2025-09-04 17:07:50'),
(79, 4, 21, 3.00, NULL, '', '2025-05-16 11:43:34', '2025-09-04 17:07:50'),
(80, 4, 22, 3.00, NULL, 'هخعغفىقلارثؤصء', '2025-05-16 11:43:34', '2025-09-04 17:07:50'),
(81, 4, 23, 2.00, 348, '', '2025-05-16 11:43:34', '2025-09-04 17:07:50'),
(82, 4, 24, NULL, NULL, '', '2025-05-16 11:43:34', '2025-09-04 17:07:50'),
(83, 4, 25, NULL, NULL, '', '2025-05-16 11:43:34', '2025-09-04 17:07:50'),
(84, 4, 26, NULL, NULL, '', '2025-05-16 11:43:34', '2025-09-04 17:07:50'),
(85, 4, 27, NULL, NULL, '', '2025-05-16 11:43:34', '2025-09-04 17:07:50'),
(86, 4, 28, NULL, NULL, '', '2025-05-16 11:43:34', '2025-09-04 17:07:50'),
(87, 4, 29, NULL, NULL, '', '2025-05-16 11:43:34', '2025-09-04 17:07:50'),
(88, 5, 1, 3.00, NULL, '', '2025-05-16 11:48:11', '2025-09-04 17:07:50'),
(89, 5, 2, 3.00, NULL, '', '2025-05-16 11:48:11', '2025-09-04 17:07:50'),
(90, 5, 3, 3.00, NULL, '', '2025-05-16 11:48:11', '2025-09-04 17:07:50'),
(91, 5, 4, 3.00, NULL, '', '2025-05-16 11:48:11', '2025-09-04 17:07:50'),
(92, 5, 5, 3.00, NULL, '', '2025-05-16 11:48:11', '2025-09-04 17:07:50'),
(93, 5, 6, 3.00, NULL, '', '2025-05-16 11:48:11', '2025-09-04 17:07:50'),
(94, 5, 7, 3.00, NULL, '', '2025-05-16 11:48:11', '2025-09-04 17:07:50'),
(95, 5, 8, 2.00, 274, '', '2025-05-16 11:48:11', '2025-09-04 17:07:50'),
(96, 5, 9, 2.00, NULL, '', '2025-05-16 11:48:11', '2025-09-04 17:07:50'),
(97, 5, 10, 1.00, NULL, '', '2025-05-16 11:48:11', '2025-09-04 17:07:50'),
(98, 5, 11, 2.00, NULL, '', '2025-05-16 11:48:11', '2025-09-04 17:07:50'),
(99, 5, 12, 1.00, NULL, '', '2025-05-16 11:48:11', '2025-09-04 17:07:50'),
(100, 5, 13, NULL, NULL, '', '2025-05-16 11:48:11', '2025-09-04 17:27:52'),
(101, 5, 14, 3.00, NULL, '', '2025-05-16 11:48:11', '2025-09-04 17:07:50'),
(102, 5, 15, 3.00, NULL, '', '2025-05-16 11:48:11', '2025-09-04 17:07:50'),
(103, 5, 16, NULL, NULL, '', '2025-05-16 11:48:11', '2025-09-04 17:07:50'),
(104, 5, 17, 3.00, NULL, '', '2025-05-16 11:48:11', '2025-09-04 17:07:50'),
(105, 5, 18, 2.00, NULL, '', '2025-05-16 11:48:11', '2025-09-04 17:07:50'),
(106, 5, 19, 3.00, NULL, '', '2025-05-16 11:48:11', '2025-09-04 17:07:50'),
(107, 5, 20, 3.00, NULL, '', '2025-05-16 11:48:11', '2025-09-04 17:07:50'),
(108, 5, 21, 2.00, NULL, '', '2025-05-16 11:48:11', '2025-09-04 17:07:50'),
(109, 5, 22, 2.00, NULL, '', '2025-05-16 11:48:11', '2025-09-04 17:07:50'),
(110, 5, 23, 1.00, NULL, '', '2025-05-16 11:48:11', '2025-09-04 17:07:50'),
(111, 5, 24, NULL, NULL, '', '2025-05-16 11:48:11', '2025-09-04 17:07:50'),
(112, 5, 25, NULL, NULL, '', '2025-05-16 11:48:11', '2025-09-04 17:07:50'),
(113, 5, 26, NULL, NULL, '', '2025-05-16 11:48:11', '2025-09-04 17:07:50'),
(114, 5, 27, NULL, NULL, '', '2025-05-16 11:48:11', '2025-09-04 17:07:50'),
(115, 5, 28, NULL, NULL, '', '2025-05-16 11:48:11', '2025-09-04 17:07:50'),
(116, 5, 29, NULL, NULL, '', '2025-05-16 11:48:11', '2025-09-04 17:07:50'),
(117, 6, 1, 3.00, 243, '', '2025-05-16 12:35:30', '2025-09-04 17:07:50'),
(118, 6, 2, 3.00, NULL, '', '2025-05-16 12:35:30', '2025-09-04 17:07:50'),
(119, 6, 3, 3.00, NULL, '', '2025-05-16 12:35:30', '2025-09-04 17:07:50'),
(120, 6, 4, 2.00, NULL, '', '2025-05-16 12:35:30', '2025-09-04 17:07:50'),
(121, 6, 5, 1.00, NULL, '', '2025-05-16 12:35:30', '2025-09-04 17:07:50'),
(122, 6, 6, 3.00, NULL, '', '2025-05-16 12:35:30', '2025-09-04 17:07:50'),
(123, 6, 7, 3.00, NULL, '', '2025-05-16 12:35:30', '2025-09-04 17:07:50'),
(124, 6, 8, 3.00, NULL, '', '2025-05-16 12:35:30', '2025-09-04 17:07:50'),
(125, 6, 9, 2.00, NULL, '', '2025-05-16 12:35:30', '2025-09-04 17:07:50'),
(126, 6, 10, 2.00, NULL, '', '2025-05-16 12:35:30', '2025-09-04 17:07:50'),
(127, 6, 11, 2.00, NULL, '', '2025-05-16 12:35:30', '2025-09-04 17:07:50'),
(128, 6, 12, 3.00, NULL, '', '2025-05-16 12:35:30', '2025-09-04 17:07:50'),
(129, 6, 13, 1.00, NULL, '', '2025-05-16 12:35:30', '2025-09-04 17:07:50'),
(130, 6, 14, 3.00, NULL, '', '2025-05-16 12:35:30', '2025-09-04 17:07:50'),
(131, 6, 15, 2.00, 308, '', '2025-05-16 12:35:30', '2025-09-04 17:07:50'),
(132, 6, 16, 2.00, 315, 'عهمنغتفقلب', '2025-05-16 12:35:30', '2025-09-04 17:07:50'),
(133, 6, 17, 3.00, NULL, '', '2025-05-16 12:35:30', '2025-09-04 17:07:50'),
(134, 6, 18, 2.00, NULL, '', '2025-05-16 12:35:30', '2025-09-04 17:07:50'),
(135, 6, 19, 2.00, 328, 'تعغفلقبثيسش', '2025-05-16 12:35:30', '2025-09-04 17:07:50'),
(136, 6, 20, 3.00, 331, '', '2025-05-16 12:35:30', '2025-09-04 17:07:50'),
(137, 6, 21, 3.00, 339, '', '2025-05-16 12:35:30', '2025-09-04 17:07:50'),
(138, 6, 22, 2.00, NULL, 'هعغفقث', '2025-05-16 12:35:30', '2025-09-04 17:07:50'),
(139, 6, 23, 1.00, 348, '', '2025-05-16 12:35:30', '2025-09-04 17:07:50'),
(140, 6, 24, NULL, NULL, '', '2025-05-16 12:35:30', '2025-09-04 17:07:50'),
(141, 6, 25, NULL, NULL, '', '2025-05-16 12:35:30', '2025-09-04 17:07:50'),
(142, 6, 26, NULL, NULL, '', '2025-05-16 12:35:30', '2025-09-04 17:07:50'),
(143, 6, 27, NULL, NULL, '', '2025-05-16 12:35:30', '2025-09-04 17:07:50'),
(144, 6, 28, NULL, NULL, '', '2025-05-16 12:35:30', '2025-09-04 17:07:50'),
(145, 6, 29, NULL, NULL, '', '2025-05-16 12:35:30', '2025-09-04 17:07:50'),
(146, 7, 1, 3.00, NULL, '', '2025-05-16 12:45:50', '2025-09-04 17:07:50'),
(147, 7, 2, 3.00, NULL, '', '2025-05-16 12:45:50', '2025-09-04 17:07:50'),
(148, 7, 3, 3.00, 253, '', '2025-05-16 12:45:50', '2025-09-04 17:07:50'),
(149, 7, 4, 3.00, NULL, '', '2025-05-16 12:45:50', '2025-09-04 17:07:50'),
(150, 7, 5, 3.00, NULL, '', '2025-05-16 12:45:50', '2025-09-04 17:07:50'),
(151, 7, 6, 3.00, NULL, '', '2025-05-16 12:45:50', '2025-09-04 17:07:50'),
(152, 7, 7, 1.00, NULL, '', '2025-05-16 12:45:50', '2025-09-04 17:07:50'),
(153, 7, 8, 1.00, 276, '', '2025-05-16 12:45:50', '2025-09-04 17:07:50'),
(154, 7, 9, 2.00, NULL, '', '2025-05-16 12:45:50', '2025-09-04 17:07:50'),
(155, 7, 10, 3.00, NULL, '', '2025-05-16 12:45:50', '2025-09-04 17:07:50'),
(156, 7, 11, 2.00, NULL, '', '2025-05-16 12:45:50', '2025-09-04 17:07:50'),
(157, 7, 12, 3.00, NULL, '', '2025-05-16 12:45:50', '2025-09-04 17:07:50'),
(158, 7, 13, 1.00, NULL, '', '2025-05-16 12:45:50', '2025-09-04 17:07:50'),
(159, 7, 14, NULL, NULL, '', '2025-05-16 12:45:50', '2025-09-04 17:07:50'),
(160, 7, 15, 3.00, 307, '', '2025-05-16 12:45:50', '2025-09-04 17:07:50'),
(161, 7, 16, 3.00, 313, 'ع9هعغفلقبث', '2025-05-16 12:45:50', '2025-09-04 17:07:50'),
(162, 7, 17, 3.00, NULL, '', '2025-05-16 12:45:50', '2025-09-04 17:07:50'),
(163, 7, 18, 3.00, NULL, '', '2025-05-16 12:45:50', '2025-09-04 17:07:50'),
(164, 7, 19, 3.00, 327, '', '2025-05-16 12:45:50', '2025-09-04 17:07:50'),
(165, 7, 20, 3.00, NULL, '', '2025-05-16 12:45:50', '2025-09-04 17:07:50'),
(166, 7, 21, 3.00, NULL, '', '2025-05-16 12:45:50', '2025-09-04 17:07:50'),
(167, 7, 22, 3.00, NULL, '', '2025-05-16 12:45:50', '2025-09-04 17:07:50'),
(168, 7, 23, 1.00, 348, '', '2025-05-16 12:45:50', '2025-09-04 17:07:50'),
(169, 7, 24, NULL, NULL, '', '2025-05-16 12:45:50', '2025-09-04 17:07:50'),
(170, 7, 25, NULL, NULL, '', '2025-05-16 12:45:50', '2025-09-04 17:07:50'),
(171, 7, 26, NULL, NULL, '', '2025-05-16 12:45:50', '2025-09-04 17:07:50'),
(172, 7, 27, NULL, NULL, '', '2025-05-16 12:45:50', '2025-09-04 17:07:50'),
(173, 7, 28, NULL, NULL, '', '2025-05-16 12:45:50', '2025-09-04 17:07:50'),
(174, 7, 29, NULL, NULL, '', '2025-05-16 12:45:50', '2025-09-04 17:07:50'),
(175, 8, 1, 3.00, 239, '', '2025-05-16 14:36:03', '2025-09-04 17:07:50'),
(176, 8, 2, 3.00, 249, '', '2025-05-16 14:36:03', '2025-09-04 17:07:50'),
(177, 8, 3, 3.00, NULL, '', '2025-05-16 14:36:03', '2025-09-04 17:07:50'),
(178, 8, 4, NULL, NULL, '', '2025-05-16 14:36:03', '2025-09-04 17:07:50'),
(179, 8, 5, NULL, NULL, '', '2025-05-16 14:36:03', '2025-09-04 17:07:50'),
(180, 8, 6, NULL, NULL, '', '2025-05-16 14:36:03', '2025-09-04 17:07:50'),
(181, 8, 7, NULL, NULL, '', '2025-05-16 14:36:03', '2025-09-04 17:07:50'),
(182, 8, 8, NULL, NULL, '', '2025-05-16 14:36:03', '2025-09-04 17:07:50'),
(183, 8, 9, NULL, NULL, '', '2025-05-16 14:36:03', '2025-09-04 17:07:50'),
(184, 8, 10, NULL, NULL, '', '2025-05-16 14:36:03', '2025-09-04 17:07:50'),
(185, 8, 11, NULL, NULL, '', '2025-05-16 14:36:03', '2025-09-04 17:07:50'),
(186, 8, 12, NULL, NULL, '', '2025-05-16 14:36:03', '2025-09-04 17:07:50'),
(187, 8, 13, NULL, NULL, '', '2025-05-16 14:36:03', '2025-09-04 17:07:50'),
(188, 8, 14, NULL, NULL, '', '2025-05-16 14:36:03', '2025-09-04 17:07:50'),
(189, 8, 15, NULL, NULL, '', '2025-05-16 14:36:03', '2025-09-04 17:07:50'),
(190, 8, 16, NULL, NULL, '', '2025-05-16 14:36:03', '2025-09-04 17:07:50'),
(191, 8, 17, NULL, NULL, '', '2025-05-16 14:36:03', '2025-09-04 17:07:50'),
(192, 8, 18, NULL, NULL, '', '2025-05-16 14:36:03', '2025-09-04 17:07:50'),
(193, 8, 19, NULL, NULL, '', '2025-05-16 14:36:03', '2025-09-04 17:07:50'),
(194, 8, 20, NULL, NULL, '', '2025-05-16 14:36:03', '2025-09-04 17:07:50'),
(195, 8, 21, NULL, NULL, '', '2025-05-16 14:36:03', '2025-09-04 17:07:50'),
(196, 8, 22, NULL, NULL, '', '2025-05-16 14:36:03', '2025-09-04 17:07:50'),
(197, 8, 23, NULL, NULL, '', '2025-05-16 14:36:03', '2025-09-04 17:07:50'),
(198, 8, 24, NULL, NULL, '', '2025-05-16 14:36:03', '2025-09-04 17:07:50'),
(199, 8, 25, NULL, NULL, '', '2025-05-16 14:36:03', '2025-09-04 17:07:50'),
(200, 8, 26, NULL, NULL, '', '2025-05-16 14:36:03', '2025-09-04 17:07:50'),
(201, 8, 27, NULL, NULL, '', '2025-05-16 14:36:03', '2025-09-04 17:07:50'),
(202, 8, 28, NULL, NULL, '', '2025-05-16 14:36:03', '2025-09-04 17:07:50'),
(203, 8, 29, NULL, NULL, '', '2025-05-16 14:36:03', '2025-09-04 17:07:50'),
(204, 9, 1, 3.00, NULL, '', '2025-05-16 15:06:23', '2025-09-04 17:07:50'),
(205, 9, 2, 3.00, NULL, '', '2025-05-16 15:06:23', '2025-09-04 17:07:50'),
(206, 9, 3, 3.00, NULL, '', '2025-05-16 15:06:23', '2025-09-04 17:07:50'),
(207, 9, 4, 3.00, NULL, '', '2025-05-16 15:06:23', '2025-09-04 17:07:50'),
(208, 9, 5, 2.00, NULL, '', '2025-05-16 15:06:23', '2025-09-04 17:07:50'),
(209, 9, 6, 3.00, NULL, '', '2025-05-16 15:06:23', '2025-09-04 17:07:50'),
(210, 9, 7, 2.00, NULL, '', '2025-05-16 15:06:23', '2025-09-04 17:07:50'),
(211, 9, 8, 3.00, NULL, '', '2025-05-16 15:06:23', '2025-09-04 17:07:50'),
(212, 9, 9, 3.00, NULL, '', '2025-05-16 15:06:23', '2025-09-04 17:07:50'),
(213, 9, 10, 3.00, NULL, '', '2025-05-16 15:06:23', '2025-09-04 17:07:50'),
(214, 9, 11, 3.00, NULL, '', '2025-05-16 15:06:23', '2025-09-04 17:07:50'),
(215, 9, 12, 3.00, NULL, '', '2025-05-16 15:06:23', '2025-09-04 17:07:50'),
(216, 9, 13, 3.00, NULL, '', '2025-05-16 15:06:23', '2025-09-04 17:07:50'),
(217, 9, 14, 3.00, NULL, '', '2025-05-16 15:06:23', '2025-09-04 17:07:50'),
(218, 9, 15, 3.00, NULL, '', '2025-05-16 15:06:23', '2025-09-04 17:07:50'),
(219, 9, 16, 2.00, 313, '', '2025-05-16 15:06:23', '2025-09-04 17:07:50'),
(220, 9, 17, 3.00, NULL, '', '2025-05-16 15:06:23', '2025-09-04 17:07:50'),
(221, 9, 18, 3.00, NULL, '', '2025-05-16 15:06:23', '2025-09-04 17:07:50'),
(222, 9, 19, 3.00, NULL, '', '2025-05-16 15:06:23', '2025-09-04 17:07:50'),
(223, 9, 20, 3.00, NULL, '', '2025-05-16 15:06:23', '2025-09-04 17:07:50'),
(224, 9, 21, 3.00, NULL, '', '2025-05-16 15:06:23', '2025-09-04 17:07:50'),
(225, 9, 22, 3.00, NULL, '', '2025-05-16 15:06:23', '2025-09-04 17:07:50'),
(226, 9, 23, 3.00, NULL, '', '2025-05-16 15:06:23', '2025-09-04 17:07:50'),
(227, 9, 24, NULL, NULL, '', '2025-05-16 15:06:23', '2025-09-04 17:07:50'),
(228, 9, 25, NULL, NULL, '', '2025-05-16 15:06:23', '2025-09-04 17:07:50'),
(229, 9, 26, NULL, NULL, '', '2025-05-16 15:06:23', '2025-09-04 17:07:50'),
(230, 9, 27, NULL, NULL, '', '2025-05-16 15:06:23', '2025-09-04 17:07:50'),
(231, 9, 28, NULL, NULL, '', '2025-05-16 15:06:23', '2025-09-04 17:07:50'),
(232, 9, 29, NULL, NULL, '', '2025-05-16 15:06:23', '2025-09-04 17:07:50'),
(233, 10, 1, 3.00, NULL, '', '2025-05-16 15:08:09', '2025-09-04 17:07:50'),
(234, 10, 2, 3.00, NULL, '', '2025-05-16 15:08:09', '2025-09-04 17:07:50'),
(235, 10, 3, 3.00, NULL, '', '2025-05-16 15:08:09', '2025-09-04 17:07:50'),
(236, 10, 4, 3.00, NULL, '', '2025-05-16 15:08:09', '2025-09-04 17:07:50'),
(237, 10, 5, 3.00, NULL, '', '2025-05-16 15:08:09', '2025-09-04 17:07:50'),
(238, 10, 6, 3.00, NULL, '', '2025-05-16 15:08:09', '2025-09-04 17:07:50'),
(239, 10, 7, 3.00, NULL, '', '2025-05-16 15:08:09', '2025-09-04 17:07:50'),
(240, 10, 8, 3.00, NULL, '', '2025-05-16 15:08:09', '2025-09-04 17:07:50'),
(241, 10, 9, 3.00, NULL, '', '2025-05-16 15:08:09', '2025-09-04 17:07:50'),
(242, 10, 10, 3.00, NULL, '', '2025-05-16 15:08:09', '2025-09-04 17:07:50'),
(243, 10, 11, 3.00, NULL, '', '2025-05-16 15:08:09', '2025-09-04 17:07:50'),
(244, 10, 12, 3.00, NULL, '', '2025-05-16 15:08:09', '2025-09-04 17:07:50'),
(245, 10, 13, 3.00, NULL, '', '2025-05-16 15:08:09', '2025-09-04 17:07:50'),
(246, 10, 14, 3.00, NULL, '', '2025-05-16 15:08:09', '2025-09-04 17:07:50'),
(247, 10, 15, 3.00, NULL, '', '2025-05-16 15:08:09', '2025-09-04 17:07:50'),
(248, 10, 16, 3.00, NULL, '', '2025-05-16 15:08:09', '2025-09-04 17:07:50'),
(249, 10, 17, 3.00, NULL, '', '2025-05-16 15:08:09', '2025-09-04 17:07:50'),
(250, 10, 18, 3.00, NULL, '', '2025-05-16 15:08:09', '2025-09-04 17:07:50'),
(251, 10, 19, 3.00, NULL, '', '2025-05-16 15:08:09', '2025-09-04 17:07:50'),
(252, 10, 20, 3.00, NULL, '', '2025-05-16 15:08:09', '2025-09-04 17:07:50'),
(253, 10, 21, 3.00, NULL, '', '2025-05-16 15:08:09', '2025-09-04 17:07:50'),
(254, 10, 22, 3.00, NULL, '', '2025-05-16 15:08:09', '2025-09-04 17:07:50'),
(255, 10, 23, 3.00, NULL, '', '2025-05-16 15:08:09', '2025-09-04 17:07:50'),
(256, 10, 24, 3.00, NULL, '', '2025-05-16 15:08:09', '2025-09-04 17:07:50'),
(257, 10, 25, 3.00, NULL, '', '2025-05-16 15:08:09', '2025-09-04 17:07:50'),
(258, 10, 26, 3.00, NULL, '', '2025-05-16 15:08:09', '2025-09-04 17:07:50'),
(259, 10, 27, 2.00, NULL, '', '2025-05-16 15:08:09', '2025-09-04 17:07:50'),
(260, 10, 28, 2.00, NULL, '', '2025-05-16 15:08:09', '2025-09-04 17:07:50'),
(261, 10, 29, 3.00, NULL, '', '2025-05-16 15:08:09', '2025-09-04 17:07:50'),
(349, 15, 1, 3.00, NULL, '', '2025-09-04 17:10:30', '2025-09-04 17:10:30'),
(350, 15, 2, 3.00, NULL, '', '2025-09-04 17:10:30', '2025-09-04 17:10:30'),
(351, 15, 3, 3.00, 252, '', '2025-09-04 17:10:30', '2025-09-04 17:10:30'),
(352, 15, 4, 2.00, 261, '', '2025-09-04 17:10:30', '2025-09-04 17:10:30'),
(353, 15, 5, 2.00, 265, '', '2025-09-04 17:10:30', '2025-09-04 17:10:30'),
(354, 15, 6, 1.00, 267, '', '2025-09-04 17:10:30', '2025-09-04 17:10:30'),
(355, 15, 7, 1.00, 271, '', '2025-09-04 17:10:30', '2025-09-04 17:10:30'),
(356, 15, 8, NULL, 274, '', '2025-09-04 17:10:30', '2025-09-04 17:27:52'),
(357, 15, 8, NULL, 275, '', '2025-09-04 17:10:30', '2025-09-04 17:27:52'),
(358, 15, 9, NULL, 279, '', '2025-09-04 17:10:30', '2025-09-04 17:27:52'),
(359, 15, 9, NULL, 280, '', '2025-09-04 17:10:30', '2025-09-04 17:27:52'),
(360, 15, 10, NULL, NULL, '', '2025-09-04 17:10:30', '2025-09-04 17:27:52'),
(361, 15, 11, NULL, NULL, '', '2025-09-04 17:10:30', '2025-09-04 17:27:52'),
(362, 15, 12, 3.00, NULL, '', '2025-09-04 17:10:30', '2025-09-04 17:10:30'),
(363, 15, 13, 3.00, NULL, '', '2025-09-04 17:10:30', '2025-09-04 17:10:30'),
(364, 15, 14, 3.00, NULL, '', '2025-09-04 17:10:30', '2025-09-04 17:10:30'),
(365, 15, 15, 3.00, NULL, '', '2025-09-04 17:10:30', '2025-09-04 17:10:30'),
(366, 15, 16, 3.00, NULL, '', '2025-09-04 17:10:30', '2025-09-04 17:10:30'),
(367, 15, 17, 3.00, NULL, '', '2025-09-04 17:10:30', '2025-09-04 17:10:30'),
(368, 15, 18, 3.00, NULL, '', '2025-09-04 17:10:30', '2025-09-04 17:10:30'),
(369, 15, 19, 2.00, 330, '', '2025-09-04 17:10:30', '2025-09-04 17:10:30'),
(370, 15, 20, 3.00, NULL, '', '2025-09-04 17:10:30', '2025-09-04 17:10:30'),
(371, 15, 21, 2.00, 341, '', '2025-09-04 17:10:30', '2025-09-04 17:10:30'),
(372, 15, 22, 1.00, 344, '', '2025-09-04 17:10:30', '2025-09-04 17:10:30'),
(373, 15, 23, NULL, NULL, '', '2025-09-04 17:10:30', '2025-09-04 17:27:52'),
(374, 15, 24, NULL, NULL, '', '2025-09-04 17:10:30', '2025-09-04 17:27:52'),
(375, 15, 25, NULL, NULL, '', '2025-09-04 17:10:30', '2025-09-04 17:27:52'),
(376, 15, 26, NULL, NULL, '', '2025-09-04 17:10:30', '2025-09-04 17:27:52'),
(377, 15, 27, NULL, NULL, '', '2025-09-04 17:10:30', '2025-09-04 17:27:52'),
(378, 15, 28, NULL, NULL, '', '2025-09-04 17:10:30', '2025-09-04 17:27:52'),
(379, 15, 29, NULL, NULL, '', '2025-09-04 17:10:30', '2025-09-04 17:27:52'),
(380, 16, 1, 3.00, NULL, '', '2025-09-04 17:50:18', '2025-09-04 17:50:18'),
(381, 16, 2, 3.00, NULL, '', '2025-09-04 17:50:18', '2025-09-04 17:50:18'),
(382, 16, 3, 3.00, NULL, '', '2025-09-04 17:50:18', '2025-09-04 17:50:18'),
(383, 16, 4, 3.00, NULL, '', '2025-09-04 17:50:18', '2025-09-04 17:50:18'),
(384, 16, 5, 3.00, 264, '', '2025-09-04 17:50:18', '2025-09-04 17:50:18'),
(385, 16, 6, 3.00, NULL, '', '2025-09-04 17:50:18', '2025-09-04 17:50:18'),
(386, 16, 7, 3.00, NULL, '', '2025-09-04 17:50:18', '2025-09-04 17:50:18'),
(387, 16, 8, 3.00, NULL, '', '2025-09-04 17:50:18', '2025-09-04 17:50:18'),
(388, 16, 9, 3.00, NULL, '', '2025-09-04 17:50:18', '2025-09-04 17:50:18'),
(389, 16, 10, 3.00, NULL, '', '2025-09-04 17:50:18', '2025-09-04 17:50:18'),
(390, 16, 11, 3.00, NULL, '', '2025-09-04 17:50:18', '2025-09-04 17:50:18'),
(391, 16, 12, 3.00, NULL, '', '2025-09-04 17:50:18', '2025-09-04 17:50:18'),
(392, 16, 13, 3.00, NULL, '', '2025-09-04 17:50:18', '2025-09-04 17:50:18'),
(393, 16, 14, 3.00, 306, '', '2025-09-04 17:50:18', '2025-09-04 17:50:18'),
(394, 16, 15, 3.00, NULL, '', '2025-09-04 17:50:18', '2025-09-04 17:50:18'),
(395, 16, 16, 3.00, NULL, '', '2025-09-04 17:50:18', '2025-09-04 17:50:18'),
(396, 16, 17, 3.00, NULL, '', '2025-09-04 17:50:18', '2025-09-04 17:50:18'),
(397, 16, 18, 3.00, NULL, '', '2025-09-04 17:50:18', '2025-09-04 17:50:18'),
(398, 16, 19, 3.00, 330, '', '2025-09-04 17:50:18', '2025-09-04 17:50:18'),
(399, 16, 20, 3.00, NULL, '', '2025-09-04 17:50:18', '2025-09-04 17:50:18'),
(400, 16, 21, 3.00, NULL, '', '2025-09-04 17:50:18', '2025-09-04 17:50:18'),
(401, 16, 22, 3.00, NULL, '', '2025-09-04 17:50:18', '2025-09-04 17:50:18'),
(402, 16, 23, 2.00, 347, '', '2025-09-04 17:50:18', '2025-09-04 17:50:18'),
(403, 16, 24, NULL, NULL, '', '2025-09-04 17:50:18', '2025-09-04 17:50:18'),
(404, 16, 25, NULL, NULL, '', '2025-09-04 17:50:18', '2025-09-04 17:50:18'),
(405, 16, 26, NULL, NULL, '', '2025-09-04 17:50:18', '2025-09-04 17:50:18'),
(406, 16, 27, NULL, NULL, '', '2025-09-04 17:50:18', '2025-09-04 17:50:18'),
(407, 16, 28, NULL, NULL, '', '2025-09-04 17:50:18', '2025-09-04 17:50:18'),
(408, 16, 29, NULL, NULL, '', '2025-09-04 17:50:18', '2025-09-04 17:50:18');

--
-- Indexes for dumped tables
--

--
-- Indexes for table `academic_years`
--
ALTER TABLE `academic_years`
  ADD PRIMARY KEY (`id`);

--
-- Indexes for table `educational_levels`
--
ALTER TABLE `educational_levels`
  ADD PRIMARY KEY (`id`);

--
-- Indexes for table `evaluation_domains`
--
ALTER TABLE `evaluation_domains`
  ADD PRIMARY KEY (`id`),
  ADD KEY `sort_order` (`sort_order`);

--
-- Indexes for table `evaluation_indicators`
--
ALTER TABLE `evaluation_indicators`
  ADD PRIMARY KEY (`id`),
  ADD KEY `domain_id` (`domain_id`),
  ADD KEY `sort_order` (`sort_order`);

--
-- Indexes for table `grades`
--
ALTER TABLE `grades`
  ADD PRIMARY KEY (`id`),
  ADD KEY `level_id` (`level_id`);

--
-- Indexes for table `recommendations`
--
ALTER TABLE `recommendations`
  ADD PRIMARY KEY (`id`),
  ADD UNIQUE KEY `unique_recommendation` (`indicator_id`,`text`(255)),
  ADD KEY `indicator_id` (`indicator_id`);

--
-- Indexes for table `schools`
--
ALTER TABLE `schools`
  ADD PRIMARY KEY (`id`);

--
-- Indexes for table `sections`
--
ALTER TABLE `sections`
  ADD PRIMARY KEY (`id`),
  ADD KEY `grade_id` (`grade_id`),
  ADD KEY `school_id` (`school_id`);

--
-- Indexes for table `subjects`
--
ALTER TABLE `subjects`
  ADD PRIMARY KEY (`id`),
  ADD KEY `subjects_created_by_foreign` (`created_by`),
  ADD KEY `subjects_updated_by_foreign` (`updated_by`),
  ADD KEY `subjects_school_id_foreign` (`school_id`);

--
-- Indexes for table `teachers`
--
ALTER TABLE `teachers`
  ADD PRIMARY KEY (`id`),
  ADD KEY `school_id` (`school_id`);

--
-- Indexes for table `teacher_subjects`
--
ALTER TABLE `teacher_subjects`
  ADD PRIMARY KEY (`id`),
  ADD KEY `teacher_id` (`teacher_id`),
  ADD KEY `subject_id` (`subject_id`);

--
-- Indexes for table `visitor_types`
--
ALTER TABLE `visitor_types`
  ADD PRIMARY KEY (`id`);

--
-- Indexes for table `visits`
--
ALTER TABLE `visits`
  ADD PRIMARY KEY (`id`),
  ADD KEY `school_id` (`school_id`),
  ADD KEY `teacher_id` (`teacher_id`),
  ADD KEY `subject_id` (`subject_id`),
  ADD KEY `visitor_type_id` (`visitor_type_id`),
  ADD KEY `grade_id` (`grade_id`),
  ADD KEY `section_id` (`section_id`),
  ADD KEY `level_id` (`level_id`),
  ADD KEY `visitor_person_id` (`visitor_person_id`),
  ADD KEY `visits_academic_year_id_foreign` (`academic_year_id`);

--
-- Indexes for table `visit_evaluations`
--
ALTER TABLE `visit_evaluations`
  ADD PRIMARY KEY (`id`),
  ADD KEY `visit_id` (`visit_id`),
  ADD KEY `indicator_id` (`indicator_id`),
  ADD KEY `recommendation_id` (`recommendation_id`);

--
-- AUTO_INCREMENT for dumped tables
--

--
-- AUTO_INCREMENT for table `academic_years`
--
ALTER TABLE `academic_years`
  MODIFY `id` int NOT NULL AUTO_INCREMENT, AUTO_INCREMENT=3;

--
-- AUTO_INCREMENT for table `educational_levels`
--
ALTER TABLE `educational_levels`
  MODIFY `id` int NOT NULL AUTO_INCREMENT, AUTO_INCREMENT=4;

--
-- AUTO_INCREMENT for table `evaluation_domains`
--
ALTER TABLE `evaluation_domains`
  MODIFY `id` int NOT NULL AUTO_INCREMENT, AUTO_INCREMENT=6;

--
-- AUTO_INCREMENT for table `evaluation_indicators`
--
ALTER TABLE `evaluation_indicators`
  MODIFY `id` int NOT NULL AUTO_INCREMENT, AUTO_INCREMENT=44;

--
-- AUTO_INCREMENT for table `grades`
--
ALTER TABLE `grades`
  MODIFY `id` int NOT NULL AUTO_INCREMENT, AUTO_INCREMENT=13;

--
-- AUTO_INCREMENT for table `recommendations`
--
ALTER TABLE `recommendations`
  MODIFY `id` int NOT NULL AUTO_INCREMENT, AUTO_INCREMENT=615;

--
-- AUTO_INCREMENT for table `schools`
--
ALTER TABLE `schools`
  MODIFY `id` int NOT NULL AUTO_INCREMENT, AUTO_INCREMENT=2;

--
-- AUTO_INCREMENT for table `sections`
--
ALTER TABLE `sections`
  MODIFY `id` int NOT NULL AUTO_INCREMENT, AUTO_INCREMENT=22;

--
-- AUTO_INCREMENT for table `subjects`
--
ALTER TABLE `subjects`
  MODIFY `id` int NOT NULL AUTO_INCREMENT, AUTO_INCREMENT=18;

--
-- AUTO_INCREMENT for table `teachers`
--
ALTER TABLE `teachers`
  MODIFY `id` int NOT NULL AUTO_INCREMENT, AUTO_INCREMENT=86;

--
-- AUTO_INCREMENT for table `teacher_subjects`
--
ALTER TABLE `teacher_subjects`
  MODIFY `id` int NOT NULL AUTO_INCREMENT, AUTO_INCREMENT=117;

--
-- AUTO_INCREMENT for table `visitor_types`
--
ALTER TABLE `visitor_types`
  MODIFY `id` int NOT NULL AUTO_INCREMENT, AUTO_INCREMENT=19;

--
-- AUTO_INCREMENT for table `visits`
--
ALTER TABLE `visits`
  MODIFY `id` int NOT NULL AUTO_INCREMENT, AUTO_INCREMENT=17;

--
-- AUTO_INCREMENT for table `visit_evaluations`
--
ALTER TABLE `visit_evaluations`
  MODIFY `id` int NOT NULL AUTO_INCREMENT, AUTO_INCREMENT=409;

--
-- Constraints for dumped tables
--

--
-- Constraints for table `evaluation_indicators`
--
ALTER TABLE `evaluation_indicators`
  ADD CONSTRAINT `evaluation_indicators_ibfk_1` FOREIGN KEY (`domain_id`) REFERENCES `evaluation_domains` (`id`) ON DELETE CASCADE;

--
-- Constraints for table `recommendations`
--
ALTER TABLE `recommendations`
  ADD CONSTRAINT `recommendations_ibfk_1` FOREIGN KEY (`indicator_id`) REFERENCES `evaluation_indicators` (`id`) ON DELETE CASCADE;

--
-- Constraints for table `sections`
--
ALTER TABLE `sections`
  ADD CONSTRAINT `sections_grade_id_foreign` FOREIGN KEY (`grade_id`) REFERENCES `grades` (`id`),
  ADD CONSTRAINT `sections_school_id_foreign` FOREIGN KEY (`school_id`) REFERENCES `schools` (`id`);

--
-- Constraints for table `subjects`
--
ALTER TABLE `subjects`
  ADD CONSTRAINT `subjects_created_by_foreign` FOREIGN KEY (`created_by`) REFERENCES `teachers` (`id`) ON DELETE SET NULL,
  ADD CONSTRAINT `subjects_school_id_foreign` FOREIGN KEY (`school_id`) REFERENCES `schools` (`id`) ON DELETE CASCADE,
  ADD CONSTRAINT `subjects_updated_by_foreign` FOREIGN KEY (`updated_by`) REFERENCES `teachers` (`id`) ON DELETE SET NULL;

--
-- Constraints for table `teachers`
--
ALTER TABLE `teachers`
  ADD CONSTRAINT `teachers_school_id_foreign` FOREIGN KEY (`school_id`) REFERENCES `schools` (`id`);

--
-- Constraints for table `teacher_subjects`
--
ALTER TABLE `teacher_subjects`
  ADD CONSTRAINT `teacher_subjects_subject_id_foreign` FOREIGN KEY (`subject_id`) REFERENCES `subjects` (`id`) ON DELETE CASCADE,
  ADD CONSTRAINT `teacher_subjects_teacher_id_foreign` FOREIGN KEY (`teacher_id`) REFERENCES `teachers` (`id`) ON DELETE CASCADE;

--
-- Constraints for table `visits`
--
ALTER TABLE `visits`
  ADD CONSTRAINT `visits_academic_year_id_foreign` FOREIGN KEY (`academic_year_id`) REFERENCES `academic_years` (`id`) ON DELETE RESTRICT,
  ADD CONSTRAINT `visits_ibfk_1` FOREIGN KEY (`school_id`) REFERENCES `schools` (`id`) ON DELETE CASCADE,
  ADD CONSTRAINT `visits_ibfk_2` FOREIGN KEY (`teacher_id`) REFERENCES `teachers` (`id`) ON DELETE CASCADE,
  ADD CONSTRAINT `visits_ibfk_3` FOREIGN KEY (`subject_id`) REFERENCES `subjects` (`id`) ON DELETE CASCADE,
  ADD CONSTRAINT `visits_ibfk_4` FOREIGN KEY (`visitor_type_id`) REFERENCES `visitor_types` (`id`) ON DELETE CASCADE,
  ADD CONSTRAINT `visits_ibfk_5` FOREIGN KEY (`grade_id`) REFERENCES `grades` (`id`) ON DELETE CASCADE,
  ADD CONSTRAINT `visits_ibfk_6` FOREIGN KEY (`section_id`) REFERENCES `sections` (`id`) ON DELETE CASCADE,
  ADD CONSTRAINT `visits_ibfk_7` FOREIGN KEY (`level_id`) REFERENCES `educational_levels` (`id`) ON DELETE CASCADE,
  ADD CONSTRAINT `visits_ibfk_8` FOREIGN KEY (`visitor_person_id`) REFERENCES `teachers` (`id`) ON DELETE SET NULL;

--
-- Constraints for table `visit_evaluations`
--
ALTER TABLE `visit_evaluations`
  ADD CONSTRAINT `visit_evaluations_ibfk_1` FOREIGN KEY (`visit_id`) REFERENCES `visits` (`id`) ON DELETE CASCADE,
  ADD CONSTRAINT `visit_evaluations_ibfk_2` FOREIGN KEY (`indicator_id`) REFERENCES `evaluation_indicators` (`id`) ON DELETE CASCADE,
  ADD CONSTRAINT `visit_evaluations_ibfk_3` FOREIGN KEY (`recommendation_id`) REFERENCES `recommendations` (`id`) ON DELETE SET NULL;
COMMIT;

/*!40101 SET CHARACTER_SET_CLIENT=@OLD_CHARACTER_SET_CLIENT */;
/*!40101 SET CHARACTER_SET_RESULTS=@OLD_CHARACTER_SET_RESULTS */;
/*!40101 SET COLLATION_CONNECTION=@OLD_COLLATION_CONNECTION */;
