-- phpMyAdmin SQL Dump
-- version 5.2.1
-- https://www.phpmyadmin.net/
--
-- Host: localhost:3306
-- Generation Time: Sep 06, 2025 at 01:19 AM
-- Server version: 9.1.0
-- PHP Version: 8.3.16

SET SQL_MODE = "NO_AUTO_VALUE_ON_ZERO";
START TRANSACTION;
SET time_zone = "+00:00";


/*!40101 SET @OLD_CHARACTER_SET_CLIENT=@@CHARACTER_SET_CLIENT */;
/*!40101 SET @OLD_CHARACTER_SET_RESULTS=@@CHARACTER_SET_RESULTS */;
/*!40101 SET @OLD_COLLATION_CONNECTION=@@COLLATION_CONNECTION */;
/*!40101 SET NAMES utf8mb4 */;

--
-- Database: `classvisit_db`
--

DELIMITER $$
--
-- Procedures
--
CREATE PROCEDURE `safe_delete_subject` (IN `subject_id` INT, OUT `can_delete` BOOLEAN, OUT `message` VARCHAR(255))   BEGIN
    DECLARE visit_count INT;
    DECLARE teacher_count INT;
    
    -- التحقق من وجود زيارات مرتبطة بالمادة
    SELECT COUNT(*) INTO visit_count FROM visits WHERE subject_id = subject_id;
    
    -- التحقق من وجود معلمين مرتبطين بالمادة
    SELECT COUNT(*) INTO teacher_count FROM teacher_subjects WHERE subject_id = subject_id;
    
    IF visit_count > 0 THEN
        SET can_delete = FALSE;
        SET message = 'لا يمكن حذف هذه المادة لأنها مستخدمة في سجلات الزيارات';
    ELSEIF teacher_count > 0 THEN
        SET can_delete = FALSE;
        SET message = 'لا يمكن حذف هذه المادة لأنها مرتبطة بمعلمين';
    ELSE
        -- يمكن حذف المادة بأمان
        DELETE FROM subjects WHERE id = subject_id;
        SET can_delete = TRUE;
        SET message = 'تم حذف المادة بنجاح';
    END IF;
END$$

CREATE PROCEDURE `update_subject` (IN `p_subject_id` INT, IN `p_name` VARCHAR(255), IN `p_school_id` INT, IN `p_is_school_specific` TINYINT(1), IN `p_updated_by` INT, OUT `success` BOOLEAN, OUT `message` VARCHAR(255))   BEGIN
    DECLARE EXIT HANDLER FOR SQLEXCEPTION
    BEGIN
        SET success = FALSE;
        SET message = 'حدث خطأ أثناء تحديث المادة';
        ROLLBACK;
    END;

    START TRANSACTION;
    
    IF p_is_school_specific = 0 THEN
        SET p_school_id = NULL;
    END IF;

    UPDATE subjects 
    SET 
        name = p_name,
        school_id = p_school_id,
        is_school_specific = p_is_school_specific,
        updated_by = p_updated_by,
        updated_at = CURRENT_TIMESTAMP
    WHERE id = p_subject_id;

    SET success = TRUE;
    SET message = 'تم تحديث المادة بنجاح';
    
    COMMIT;
END$$

DELIMITER ;

-- --------------------------------------------------------

--
-- Table structure for table `academic_years`
--

CREATE TABLE `academic_years` (
  `id` int NOT NULL,
  `name` varchar(255) CHARACTER SET utf8mb4 COLLATE utf8mb4_unicode_ci NOT NULL,
  `first_term_start` date DEFAULT NULL,
  `first_term_end` date DEFAULT NULL,
  `second_term_start` date DEFAULT NULL,
  `second_term_end` date DEFAULT NULL,
  `is_active` tinyint(1) NOT NULL DEFAULT '0',
  `created_at` timestamp NULL DEFAULT CURRENT_TIMESTAMP,
  `updated_at` timestamp NULL DEFAULT CURRENT_TIMESTAMP ON UPDATE CURRENT_TIMESTAMP,
  `is_current` tinyint(1) DEFAULT '0'
) ENGINE=InnoDB DEFAULT CHARSET=utf8mb4 COLLATE=utf8mb4_unicode_ci;

--
-- Dumping data for table `academic_years`
--

INSERT INTO `academic_years` (`id`, `name`, `first_term_start`, `first_term_end`, `second_term_start`, `second_term_end`, `is_active`, `created_at`, `updated_at`, `is_current`) VALUES
(2, '2025/2026', '2025-08-24', '2025-12-30', '2026-01-01', '2026-06-30', 1, '2025-05-16 06:53:05', '2025-09-05 18:58:38', 0);

-- --------------------------------------------------------

--
-- Table structure for table `coordinator_supervisors`
--

CREATE TABLE `coordinator_supervisors` (
  `id` int NOT NULL,
  `user_id` int NOT NULL COMMENT 'معرف المستخدم (منسق المادة)',
  `subject_id` int NOT NULL COMMENT 'معرف المادة',
  `school_id` int DEFAULT NULL COMMENT 'معرف المدرسة',
  `created_at` timestamp NULL DEFAULT CURRENT_TIMESTAMP,
  `updated_at` timestamp NULL DEFAULT CURRENT_TIMESTAMP ON UPDATE CURRENT_TIMESTAMP
) ENGINE=InnoDB DEFAULT CHARSET=utf8mb4 COLLATE=utf8mb4_unicode_ci;

--
-- Dumping data for table `coordinator_supervisors`
--

INSERT INTO `coordinator_supervisors` (`id`, `user_id`, `subject_id`, `school_id`, `created_at`, `updated_at`) VALUES
(20, 240, 3, NULL, '2025-09-05 18:31:37', '2025-09-05 18:31:37'),
(21, 249, 8, NULL, '2025-09-05 18:31:38', '2025-09-05 18:31:38'),
(22, 254, 9, NULL, '2025-09-05 18:31:39', '2025-09-05 18:31:39'),
(23, 263, 6, NULL, '2025-09-05 18:31:40', '2025-09-05 18:31:40'),
(24, 267, 5, NULL, '2025-09-05 18:31:41', '2025-09-05 18:31:41'),
(25, 271, 7, NULL, '2025-09-05 18:31:41', '2025-09-05 18:31:41'),
(26, 276, 2, NULL, '2025-09-05 18:31:42', '2025-09-05 18:31:42'),
(27, 284, 1, NULL, '2025-09-05 18:31:43', '2025-09-05 18:31:43'),
(28, 292, 11, NULL, '2025-09-05 18:31:44', '2025-09-05 18:31:44'),
(29, 295, 16, NULL, '2025-09-05 18:31:45', '2025-09-05 18:31:45'),
(30, 300, 19, NULL, '2025-09-05 18:31:46', '2025-09-05 18:31:46');

-- --------------------------------------------------------

--
-- Table structure for table `educational_levels`
--

CREATE TABLE `educational_levels` (
  `id` int NOT NULL,
  `name` varchar(255) CHARACTER SET utf8mb4 COLLATE utf8mb4_unicode_ci NOT NULL,
  `created_at` timestamp NULL DEFAULT CURRENT_TIMESTAMP,
  `updated_at` timestamp NULL DEFAULT CURRENT_TIMESTAMP ON UPDATE CURRENT_TIMESTAMP
) ENGINE=InnoDB DEFAULT CHARSET=utf8mb4 COLLATE=utf8mb4_unicode_ci;

--
-- Dumping data for table `educational_levels`
--

INSERT INTO `educational_levels` (`id`, `name`, `created_at`, `updated_at`) VALUES
(1, 'الابتدائية', '2025-05-14 17:48:51', '2025-05-14 17:48:51'),
(2, 'الإعدادية', '2025-05-14 17:48:51', '2025-05-14 17:48:51'),
(3, 'الثانوية', '2025-05-14 17:48:51', '2025-05-14 17:48:51');

-- --------------------------------------------------------

--
-- Table structure for table `evaluation_domains`
--

CREATE TABLE `evaluation_domains` (
  `id` int NOT NULL,
  `name` varchar(255) CHARACTER SET utf8mb4 COLLATE utf8mb4_unicode_ci NOT NULL,
  `description` text CHARACTER SET utf8mb4 COLLATE utf8mb4_unicode_ci,
  `weight` decimal(5,2) NOT NULL DEFAULT '0.00',
  `created_at` timestamp NULL DEFAULT CURRENT_TIMESTAMP,
  `updated_at` timestamp NULL DEFAULT CURRENT_TIMESTAMP ON UPDATE CURRENT_TIMESTAMP,
  `sort_order` int DEFAULT '0'
) ENGINE=InnoDB DEFAULT CHARSET=utf8mb4 COLLATE=utf8mb4_unicode_ci;

--
-- Dumping data for table `evaluation_domains`
--

INSERT INTO `evaluation_domains` (`id`, `name`, `description`, `weight`, `created_at`, `updated_at`, `sort_order`) VALUES
(1, 'التخطيط للدرس', NULL, 100.00, '2025-05-14 17:48:51', '2025-09-04 18:35:05', 1),
(2, 'تنفيذ الدرس', NULL, 100.00, '2025-05-14 17:48:51', '2025-09-04 18:35:05', 2),
(3, 'التقويم', NULL, 100.00, '2025-05-14 17:48:51', '2025-09-04 18:35:05', 3),
(4, 'الإدارة الصفية وبيئة التعلم', NULL, 100.00, '2025-05-14 17:48:51', '2025-09-04 18:35:05', 4),
(5, 'جزء خاص بمادة العلوم (النشاط العملي)', NULL, 100.00, '2025-05-14 17:48:51', '2025-09-04 18:35:05', 5);

-- --------------------------------------------------------

--
-- Table structure for table `evaluation_indicators`
--

CREATE TABLE `evaluation_indicators` (
  `id` int NOT NULL,
  `domain_id` int NOT NULL,
  `name` varchar(255) CHARACTER SET utf8mb4 COLLATE utf8mb4_unicode_ci NOT NULL,
  `description` text CHARACTER SET utf8mb4 COLLATE utf8mb4_unicode_ci,
  `weight` decimal(5,2) NOT NULL DEFAULT '0.00',
  `created_at` timestamp NULL DEFAULT CURRENT_TIMESTAMP,
  `updated_at` timestamp NULL DEFAULT CURRENT_TIMESTAMP ON UPDATE CURRENT_TIMESTAMP,
  `sort_order` int DEFAULT '0'
) ENGINE=InnoDB DEFAULT CHARSET=utf8mb4 COLLATE=utf8mb4_unicode_ci;

--
-- Dumping data for table `evaluation_indicators`
--

INSERT INTO `evaluation_indicators` (`id`, `domain_id`, `name`, `description`, `weight`, `created_at`, `updated_at`, `sort_order`) VALUES
(1, 1, 'خطة الدرس متوفرة وبنودها مستكملة ومناسبة.', NULL, 0.00, '2025-05-16 08:25:23', '2025-09-04 18:35:05', 1),
(2, 1, 'أهداف التعلم مناسبة ودقيقة الصياغة وقابلة للقياس.', NULL, 0.00, '2025-05-16 08:25:23', '2025-09-04 18:35:05', 2),
(3, 1, 'أنشطة الدرس الرئيسة واضحة ومتدرجة ومرتبطة بالأهداف.', NULL, 0.00, '2025-05-16 08:25:23', '2025-09-04 18:35:05', 3),
(4, 2, 'أهداف التعلم معروضة ويتم مناقشتها.', NULL, 0.00, '2025-05-16 08:25:23', '2025-09-04 18:35:05', 4),
(5, 2, 'أنشطة التمهيد مفعلة بشكل مناسب.', NULL, 0.00, '2025-05-16 08:25:23', '2025-09-04 18:35:05', 5),
(6, 2, 'محتوى الدرس واضح والعرض منظّم ومترابط.', NULL, 0.00, '2025-05-16 08:25:23', '2025-09-04 18:35:05', 6),
(7, 2, 'طرائق التدريس وإستراتيجياته متنوعه وتتمحور حول الطالب.', NULL, 0.00, '2025-05-16 08:25:23', '2025-09-04 18:35:05', 7),
(8, 2, 'مصادر التعلم الرئيسة والمساندة موظّفة بصورة واضحة وسليمة.', NULL, 0.00, '2025-05-16 08:25:23', '2025-09-04 18:35:05', 8),
(9, 2, 'الوسائل التعليميّة والتكنولوجيا موظّفة بصورة مناسبة.', NULL, 0.00, '2025-05-16 08:25:23', '2025-09-04 18:35:05', 9),
(10, 2, 'الأسئلة الصفية ذات صياغة سليمة ومتدرجة ومثيرة للتفكير.', NULL, 0.00, '2025-05-16 08:25:23', '2025-09-04 18:35:05', 10),
(11, 2, 'المادة العلمية دقيقة و مناسبة.', NULL, 0.00, '2025-05-16 08:25:23', '2025-09-04 18:35:05', 11),
(12, 2, 'الكفايات الأساسية متضمنة في السياق المعرفي للدرس.', NULL, 0.00, '2025-05-16 08:25:23', '2025-09-04 18:35:05', 12),
(13, 2, 'القيم الأساسية متضمنة في السياق المعرفي للدرس.', NULL, 0.00, '2025-05-16 08:25:23', '2025-09-04 18:35:05', 13),
(14, 2, 'التكامل بين محاور المادة ومع المواد الأخرى يتم بشكل مناسب.', NULL, 0.00, '2025-05-16 08:25:23', '2025-09-04 18:35:05', 14),
(15, 2, 'الفروق الفردية بين الطلبة يتم مراعاتها.', NULL, 0.00, '2025-05-16 08:25:23', '2025-09-04 18:35:05', 15),
(16, 2, 'غلق الدرس يتم بشكل مناسب.', NULL, 0.00, '2025-05-16 08:25:23', '2025-09-04 18:35:05', 16),
(17, 3, 'أساليب التقويم (القبلي والبنائي والختامي) مناسبة ومتنوعة.', NULL, 0.00, '2025-05-16 08:25:23', '2025-09-04 18:35:05', 17),
(18, 3, 'التغذية الراجعة متنوعة ومستمرة.', NULL, 0.00, '2025-05-16 08:25:23', '2025-09-04 18:35:05', 18),
(19, 3, 'أعمال الطلبة متابعة ومصححة بدقة ورقيًا وإلكترونيًا.', NULL, 0.00, '2025-05-16 08:25:23', '2025-09-04 18:35:05', 19),
(20, 4, 'البيئة الصفية إيجابية وآمنة وداعمة للتعلّم.', NULL, 0.00, '2025-05-16 08:25:23', '2025-09-04 18:35:05', 20),
(21, 4, 'إدارة أنشطة التعلّم والمشاركات الصّفيّة تتم بصورة منظمة.', NULL, 0.00, '2025-05-16 08:25:23', '2025-09-04 18:35:05', 21),
(22, 4, 'قوانين إدارة الصف وإدارة السلوك مفعّلة.', NULL, 0.00, '2025-05-16 08:25:23', '2025-09-04 18:35:05', 22),
(23, 4, 'الاستثمار الأمثل لزمن الحصة.', NULL, 0.00, '2025-05-16 08:25:23', '2025-09-04 18:35:05', 23),
(24, 5, 'مدى صلاحية و توافر الأدوات اللازمة لتنفيذ النشاط العملي وبكميات مناسبة.', NULL, 0.00, '2025-05-16 08:25:23', '2025-09-04 18:35:05', 24),
(25, 5, 'شرح اجراءات الأمن والسلامة المناسبة للتجربة ومتابعة تفعيلها.', NULL, 0.00, '2025-05-16 08:25:23', '2025-09-04 18:35:05', 25),
(26, 5, 'اعطاء تعليمات واضحة وسليمة لأداء النشاط العملي قبل وأثناء التنفيذ.', NULL, 0.00, '2025-05-16 08:25:23', '2025-09-04 18:35:05', 26),
(27, 5, 'تسجيل الطلبة للملاحظات والنتائج أثناء تنفيذ النشاط العملي.', NULL, 0.00, '2025-05-16 08:25:23', '2025-09-04 18:35:05', 27),
(28, 5, 'تقويم مهارات الطلبة أثناء تنفيذ النشاط العملي.', NULL, 0.00, '2025-05-16 08:25:23', '2025-09-04 18:35:05', 28),
(29, 5, 'تنويع أساليب تقديم التغذية الراجعة للطلبة لتنمية مهاراتهم.', NULL, 0.00, '2025-05-16 08:25:23', '2025-09-04 18:35:05', 29);

-- --------------------------------------------------------

--
-- Table structure for table `grades`
--

CREATE TABLE `grades` (
  `id` int NOT NULL,
  `name` varchar(255) CHARACTER SET utf8mb4 COLLATE utf8mb4_unicode_ci NOT NULL,
  `level_id` int NOT NULL,
  `created_at` timestamp NULL DEFAULT CURRENT_TIMESTAMP,
  `updated_at` timestamp NULL DEFAULT CURRENT_TIMESTAMP ON UPDATE CURRENT_TIMESTAMP
) ENGINE=InnoDB DEFAULT CHARSET=utf8mb4 COLLATE=utf8mb4_unicode_ci;

--
-- Dumping data for table `grades`
--

INSERT INTO `grades` (`id`, `name`, `level_id`, `created_at`, `updated_at`) VALUES
(1, 'الصف الأول', 1, '2025-05-14 14:48:51', '2025-05-14 14:48:51'),
(2, 'الصف الثاني', 1, '2025-05-14 14:48:51', '2025-05-14 14:48:51'),
(3, 'الصف الثالث', 1, '2025-05-14 14:48:51', '2025-05-14 14:48:51'),
(4, 'الصف الرابع', 1, '2025-05-14 14:48:51', '2025-05-14 14:48:51'),
(5, 'الصف الخامس', 1, '2025-05-14 14:48:51', '2025-05-14 14:48:51'),
(6, 'الصف السادس', 1, '2025-05-14 14:48:51', '2025-05-14 14:48:51'),
(7, 'الصف السابع', 2, '2025-05-14 14:48:51', '2025-05-14 14:48:51'),
(8, 'الصف الثامن', 2, '2025-05-14 14:48:51', '2025-05-14 14:48:51'),
(9, 'الصف التاسع', 2, '2025-05-14 14:48:51', '2025-05-14 14:48:51'),
(10, 'الصف العاشر', 3, '2025-05-14 14:48:51', '2025-05-14 14:48:51'),
(11, 'الصف الحادي عشر', 3, '2025-05-14 14:48:51', '2025-05-14 14:48:51'),
(12, 'الصف الثاني عشر', 3, '2025-05-14 14:48:51', '2025-05-14 14:48:51');

-- --------------------------------------------------------

--
-- Table structure for table `recommendations`
--

CREATE TABLE `recommendations` (
  `id` int NOT NULL,
  `indicator_id` int NOT NULL,
  `text` text CHARACTER SET utf8mb4 COLLATE utf8mb4_unicode_ci NOT NULL,
  `created_at` timestamp NULL DEFAULT CURRENT_TIMESTAMP,
  `updated_at` timestamp NULL DEFAULT CURRENT_TIMESTAMP ON UPDATE CURRENT_TIMESTAMP,
  `sort_order` int DEFAULT '1'
) ENGINE=InnoDB DEFAULT CHARSET=utf8mb4 COLLATE=utf8mb4_unicode_ci;

--
-- Dumping data for table `recommendations`
--

INSERT INTO `recommendations` (`id`, `indicator_id`, `text`, `created_at`, `updated_at`, `sort_order`) VALUES
(239, 1, 'يجب توفّر الخطّة على نظام قطر للتعليم.', '2025-05-16 09:23:39', '2025-05-16 09:23:39', 1),
(240, 1, 'يجب اتساق الخطّة زمنيا مع الخطة الفصلية.', '2025-05-16 09:23:39', '2025-05-16 09:23:39', 2),
(241, 1, 'يجب أن تكون الخطّة مكتوبة بلغة سليمة وتتسم بالدقة والوضوح.', '2025-05-16 09:23:39', '2025-05-16 09:23:39', 3),
(242, 1, 'يجب أن تتوافر التهيئة في الخطّة وأن تكون مرتبطة بموضوع الدرس وأهدافه.', '2025-05-16 09:23:39', '2025-05-16 09:23:39', 4),
(243, 1, 'يجب أن تتنوّع في الخطّة طرائق التدريس وإستراتيجياته.', '2025-05-16 09:23:39', '2025-05-16 09:23:39', 5),
(244, 1, 'يجب أن يحدّد المعلم في الخطّة التكامل مع المواد الأخرى بشكل واضح ومناسب.', '2025-05-16 09:23:39', '2025-05-16 09:23:39', 6),
(245, 1, 'يجب أن يكون غلق الدرس في الخطّة مناسبا للموضوع والأهداف.', '2025-05-16 09:23:39', '2025-05-16 09:23:39', 7),
(246, 1, 'يجب اختيار طرائق تقييم مناسبة ومتنوعة في الخطّة.', '2025-05-16 09:23:39', '2025-05-16 09:23:39', 8),
(247, 1, 'يجب استخدام النموذج المحدث للخطة', '2025-05-16 09:23:39', '2025-05-16 09:23:39', 9),
(248, 2, 'يجب أن تكون الأهداف مرتبطة بموضوع الدرس بما يتضمنه من معارف ومهارات.', '2025-05-16 09:23:39', '2025-05-16 09:23:39', 1),
(249, 2, 'يجب أن تكون الأهداف مصاغة بطريقة إجرائية سليمة وواضحة.', '2025-05-16 09:23:39', '2025-05-16 09:23:39', 2),
(250, 2, 'يجب أن تراعي الأهداف التنوع بين المستويات المعرفية والمهارية.', '2025-05-16 09:23:39', '2025-05-16 09:23:39', 3),
(251, 2, 'يجب أن تكون الأهداف قابلة للقياس.', '2025-05-16 09:23:39', '2025-05-16 09:23:39', 4),
(252, 3, 'يجب أن تكون الأنشطة مرتبطة بأهداف الدرس وتساعد على تحقيقها.', '2025-05-16 09:23:39', '2025-05-16 09:23:39', 1),
(253, 3, 'يجب أن تراعي الأنشطة التدرج والتسلسل في تحقيق أهداف الدرس.', '2025-05-16 09:23:39', '2025-05-16 09:23:39', 2),
(254, 3, 'يجب أن توضّح الأنشطة الرئيسة دور كل من المعلم والطالب.', '2025-05-16 09:23:39', '2025-05-16 09:23:39', 3),
(255, 3, 'يجب إن تعزّز الأنشطة الرئيسة الكفايات والقيم الأساسية ضمن السياق المعرفي.', '2025-05-16 09:23:39', '2025-05-16 09:23:39', 4),
(256, 3, 'يجب أن تراعي الأنشطة بوضوح الفروق الفردية بين الطلبة.', '2025-05-16 09:23:39', '2025-05-16 09:23:39', 5),
(257, 3, 'يجب أن يكون التوزيع الزمني محدد ومناسب للأنشطة.', '2025-05-16 09:23:39', '2025-05-16 09:23:39', 6),
(258, 3, 'يجب توضيح آلية توظيف أدوات التكنولوجيا في دور المعلم و المتعلم.', '2025-05-16 09:23:39', '2025-05-16 09:23:39', 7),
(259, 4, 'يجب أن يستعرض المعلم أهداف الدرس المخطط لها بداية درسه بصورة واضحة ومناسبة.', '2025-05-16 09:23:39', '2025-05-16 09:23:39', 1),
(260, 4, 'يجب التحقق من وضوح أهداف الدرس لدى الطلبة.', '2025-05-16 09:23:39', '2025-05-16 09:23:39', 2),
(261, 4, 'يجب أن تكون الأهداف كما هي مدونة في الخطة', '2025-05-16 09:23:39', '2025-05-16 09:23:39', 3),
(262, 5, 'يجب تنفيذ أنشطة التمهيد بطريقة جاذبة وشائقة.', '2025-05-16 09:23:39', '2025-05-16 09:23:39', 1),
(263, 5, 'يجب أن تكون أنشطة التمهيد ممهّدة للأنشطة الرئيسة وترتبط بها.', '2025-05-16 09:23:39', '2025-05-16 09:23:39', 2),
(264, 5, 'يجب تنفيذ أنشطة التمهيد ضمن الزمن المحدد لها.', '2025-05-16 09:23:39', '2025-05-16 09:23:39', 3),
(265, 5, 'يجب أن ترتبط أنشطة التمهيد بخبرات الطلبة الحياتية وتجاربهم السابقة.', '2025-05-16 09:23:39', '2025-05-16 09:23:39', 4),
(266, 6, 'يجب أن يكون محتوى الدرس معروضا بطريقة واضحة.', '2025-05-16 09:23:39', '2025-05-16 09:23:39', 1),
(267, 6, 'يجب أن يكون المحتوى مقدّما بصورة متدرجة ومنظمة وبأمثلة كافية.', '2025-05-16 09:23:39', '2025-05-16 09:23:39', 2),
(268, 6, 'يجب أن تكون خطوات تنفيذ الدرس مترابطة ومتصلة بالأهداف.', '2025-05-16 09:23:39', '2025-05-16 09:23:39', 3),
(269, 6, 'يجب ارتباط المحتوى بالبيئة والخبرات الحياتية.', '2025-05-16 09:23:39', '2025-05-16 09:23:39', 4),
(270, 7, 'يجب تطبيق إستراتيجيات تدريس تناسب أهداف الدرس وتراعي المتعلمين.', '2025-05-16 09:23:39', '2025-05-16 09:23:39', 1),
(271, 7, 'يجب تطبيق إستراتيجيات تدريس تراعي المتعلمين.', '2025-05-16 09:23:39', '2025-05-16 09:23:39', 2),
(272, 7, 'يجب تنفيذ الإستراتيجية بطريقة صحيحة، ووفق ما ورد في خطة الدرس.', '2025-05-16 09:23:39', '2025-05-16 09:23:39', 3),
(273, 7, 'يجب أن تكون الإستراتيجيات المنفذة متنوعة وتفعل دور الطالب في عملية التعلم.', '2025-05-16 09:23:39', '2025-05-16 09:23:39', 4),
(274, 8, 'يجب توظيف مصدر التعلم الرئيس بصورة واضحة وسليمة.', '2025-05-16 09:23:39', '2025-05-16 09:23:39', 1),
(275, 8, 'يجب توظيف مصادر مساندة ورقية تثري الدرس وتساعد على تحقيق أهدافه.', '2025-05-16 09:23:39', '2025-05-16 09:23:39', 2),
(276, 8, 'يجب نشر مصادر تعلم مساندة إلكترونية للمادة على نظام قطر للتعليم.', '2025-05-16 09:23:39', '2025-05-16 09:23:39', 3),
(277, 8, 'يجب الحرص على استخدام الطلبة مصادر التعلم أثناء الدرس.', '2025-05-16 09:23:39', '2025-05-16 09:23:39', 4),
(278, 8, 'يجب استخدام المصادر المتنوعة لمراعاة الفروق الفردية بين الطلبة.', '2025-05-16 09:23:39', '2025-05-16 09:23:39', 5),
(279, 9, 'يجب استخدام وسائل تعليمية متنوعة وفعالة.', '2025-05-16 09:23:39', '2025-05-16 09:23:39', 1),
(280, 9, 'يجب توظيف التكنولوجيا بما يخدم الموقف التعليمي والأهداف.', '2025-05-16 09:23:39', '2025-05-16 09:23:39', 2),
(281, 9, 'يجب تنظيم العرض السبوري.', '2025-05-16 09:23:39', '2025-05-16 09:23:39', 3),
(282, 9, 'يجب تفعيل السبورة التفاعلية بما يخدم الموقف التعليمي.', '2025-05-16 09:23:39', '2025-05-16 09:23:39', 4),
(283, 10, 'يجب أن تكون الأسئلة واضحة وصياغتها سليمة.', '2025-05-16 09:23:39', '2025-05-16 09:23:39', 1),
(284, 10, 'يجب أن تكون الأسئلة متنوعة ومتدرجة في مستوياتها.', '2025-05-16 09:23:39', '2025-05-16 09:23:39', 2),
(285, 10, 'يجب أن تكون الأسئلة مثيرة لاهتمام الطلبة وتحثهم على المشاركة وطرح الأسئلة.', '2025-05-16 09:23:39', '2025-05-16 09:23:39', 3),
(286, 10, 'يجب أن تعزّز الأسئلة الحوار والمناقشة بين الطالب والمعلم والطلبة فيما بينهم.', '2025-05-16 09:23:39', '2025-05-16 09:23:39', 4),
(287, 10, 'يجب أن تكون الأسئلة مثيرة للتفكير والتحدي لدى الطلبة.', '2025-05-16 09:23:39', '2025-05-16 09:23:39', 5),
(288, 11, 'يجب أن تكون المادة العلمية مرتبطة بأهداف الدرس.', '2025-05-16 09:23:39', '2025-05-16 09:23:39', 1),
(289, 11, 'يجب أن تكون المادة العلمية متوافقة مع مصدر التعلم.', '2025-05-16 09:23:39', '2025-05-16 09:23:39', 2),
(290, 11, 'يجب أن تكون المادة العلمية المقدمة صحيحة وسليمة وتخلو من الأخطاء العلمية واللغوية.', '2025-05-16 09:23:39', '2025-05-16 09:23:39', 3),
(291, 11, 'يجب وضوح المادة العلمية ومناسبة مفرداتها للمرحلة الدراسية.', '2025-05-16 09:23:39', '2025-05-16 09:23:39', 4),
(292, 11, 'يجب أن تكون المادة العلمية الإثرائية مستندة إلى مراجع موثوقة.', '2025-05-16 09:23:39', '2025-05-16 09:23:39', 5),
(293, 12, 'يجب أن يوفّر المعلم أنشطة تمكّن الطلبة من اقتراح البدائل وإنتاج أفكار بطرائق مبتكرة.', '2025-05-16 09:23:39', '2025-05-16 09:23:39', 1),
(294, 12, 'يجب أن يوفّر المعلم أنشطة تنمّي مهارات الطلبة اللغوية لتوظيفها في التعبير عن الآراء و الأفكار.', '2025-05-16 09:23:39', '2025-05-16 09:23:39', 2),
(295, 12, 'يجب أن يوفّر المعلم أنشطة تنمّي مهارات الطلبة العددية لتوظيفها في مواقف متنوعة.', '2025-05-16 09:23:39', '2025-05-16 09:23:39', 3),
(296, 12, 'يجب أن يوفّر المعلم أنشطة تمكّن الطلبة من التواصل استماعاً وتحدثاً وكتابة، وتوظيف ذلك لأغراض مختلفة.', '2025-05-16 09:23:39', '2025-05-16 09:23:39', 4),
(297, 12, 'يجب أن يوفّر المعلم للطلبة أنشطة العمل التشاركي واحترام الذات، وتقبّل التغير الإيجابي.', '2025-05-16 09:23:39', '2025-05-16 09:23:39', 5),
(298, 12, 'يجب أن يوفّر المعلم للطلبة أنشطة الاهتمام بالتقصي و توظيف التكنولوجيا في إعداد البحوث و مشاركتها.', '2025-05-16 09:23:39', '2025-05-16 09:23:39', 6),
(299, 12, 'يجب أن يوفّر المعلم للطلبة أنشطة تحديد المشكلات و التعاون مع الاخرين في اقتراح الحلول.', '2025-05-16 09:23:39', '2025-05-16 09:23:39', 7),
(300, 13, 'يجب أن يوفّر المعلم أنشطة تساهم في اعتزاز الطلبة باللغة العربية والتاريخ و التقاليد القطرية.', '2025-05-16 09:23:39', '2025-05-16 09:23:39', 1),
(301, 13, 'يجب أن يوفّر المعلم أنشطة احترام الطلبة للأخرين وتقديرهم لذواتهم.', '2025-05-16 09:23:39', '2025-05-16 09:23:39', 2),
(302, 13, 'يجب أن يوفّر المعلم أنشطة تعزّز ثقة الطلبة بقدرتهم على التعلم وبذل الجهد في ذلك.', '2025-05-16 09:23:39', '2025-05-16 09:23:39', 3),
(303, 13, 'يجب أن يوفّر المعلم أنشطة تحث الطلبة على الالتزام بحقوقهم وواجباتهم.', '2025-05-16 09:23:39', '2025-05-16 09:23:39', 4),
(304, 13, 'يجب أن يوفّر المعلم أنشطة لتطوير الطلبة أنماط حياتهم الصحّية.', '2025-05-16 09:23:39', '2025-05-16 09:23:39', 5),
(305, 14, 'يجب أن يربط المعلّم بين محاور المادة ومهاراتها بصورة فاعلة.', '2025-05-16 09:23:39', '2025-05-16 09:23:39', 1),
(306, 14, 'يجب أن يوظف المعلّم التكامل مع المواد الأخرى لتحقيق النمو المعرفي عند الطلاب.', '2025-05-16 09:23:39', '2025-05-16 09:23:39', 2),
(307, 15, 'يجب توزيع الطلبة بطريقة مناسبة وفق مستوياتهم والنشاط المنفذ.', '2025-05-16 09:23:39', '2025-05-16 09:23:39', 1),
(308, 15, 'يجب تقديم أنشطة وتدريبات تراعي الفروق الفردية.', '2025-05-16 09:23:39', '2025-05-16 09:23:39', 2),
(309, 15, 'يجب تقديم أنشطة وتدريبات تراعي أنماط التعلم (سمعي، بصري، حركي...).', '2025-05-16 09:23:39', '2025-05-16 09:23:39', 3),
(310, 15, 'يجب أن يتابع معلم الصف المواد التي يقدمها معلم الدعم للطلبة.', '2025-05-16 09:23:39', '2025-05-16 09:23:39', 4),
(311, 15, 'يجب تقديم التسهيلات والترتيبات اللازمة لطلاب الدعم.', '2025-05-16 09:23:39', '2025-05-16 09:23:39', 5),
(312, 15, 'يجب توظيف التكنولوجيا بما يراعي الفروق الفردية وطلاب الدعم.', '2025-05-16 09:23:39', '2025-05-16 09:23:39', 6),
(313, 16, 'يجب أن يكون غلق الدرس مناسبا وشاملا.', '2025-05-16 09:23:39', '2025-05-16 09:23:39', 1),
(314, 16, 'يجب أن يعكس الغلق تحقق أهداف الدرس.', '2025-05-16 09:23:39', '2025-05-16 09:23:39', 2),
(315, 16, 'يجب أن يكون الدور الأكبر في الغلق للطلبة.', '2025-05-16 09:23:39', '2025-05-16 09:23:39', 3),
(316, 16, 'يجب تنفيذ الغلق في الزمن المحدد له.', '2025-05-16 09:23:39', '2025-05-16 09:23:39', 4),
(317, 17, 'يجب أن يشمل التقويم جميع الأهداف المخطط لتحقيقها.', '2025-05-16 09:23:39', '2025-05-16 09:23:39', 1),
(318, 17, 'يجب التنويع في أساليب التقويم مراعاةً للفروق الفردية بين الطلبة.', '2025-05-16 09:23:39', '2025-05-16 09:23:39', 2),
(319, 17, 'يجب التنويع في استخدام أدوات التقويم بما يناسب الموقف التعليمي (ملاحظة المعلم ــ تقييم الذات ــ اختبارات ذهنية وشفوية ــ الأسئلة الشفوية – تطبيق إلكتروني – مناقشة إلكترونية ...).', '2025-05-16 09:23:39', '2025-05-16 09:23:39', 3),
(320, 17, 'يجب أن تكون عملية التقويم مستمرة قبل الدرس وأثناءه وبعده (قبلي– بنائي – ختامي).', '2025-05-16 09:23:39', '2025-05-16 09:23:39', 4),
(321, 17, 'يجب التنوع في أنماط ومستويات الأسئلة المدرجة في التقييمات وأوراق العمل الإلكترونية.', '2025-05-16 09:23:39', '2025-05-16 09:23:39', 5),
(322, 18, 'يجب تنويع أساليب التغذية الراجعة بما يناسب المتعلمين (فورية مؤجلة – لفظية مكتوبة ...).', '2025-05-16 09:23:39', '2025-05-16 09:23:39', 1),
(323, 18, 'يجب شمولية التغذية الراجعة واستمراريتها، بحيث تشمل جميع مراحل الدرس، وجميع المتعلمين على اختلاف مستوياتهم التحصيلية والعقلية والعمرية.', '2025-05-16 09:23:39', '2025-05-16 09:23:39', 2),
(324, 18, 'يجب تقييم إجابات الطلبة (الصحيحة والخاطئة) ومناقشتها، وربط إجاباتهم بمعارفهم السابقة.', '2025-05-16 09:23:39', '2025-05-16 09:23:39', 3),
(325, 18, 'يجب تشجيع الطلبة على تقديم التفسيرات والشروح المنطقية، ودعم إجاباتهم وأقوالهم بنصوص أو أمثلة أو بيانات.', '2025-05-16 09:23:39', '2025-05-16 09:23:39', 4),
(326, 18, 'يجب تحفيز الطلبة على تقييم استجابات بعضهم بعضا.', '2025-05-16 09:23:39', '2025-05-16 09:23:39', 5),
(327, 19, 'يجب تقديم التعليمات اللازمة لإنجاز الطلبة للأعمال الكتابية بدقة ووضوح والتأكد من فهمها.', '2025-05-16 09:23:39', '2025-05-16 09:23:39', 1),
(328, 19, 'يجب متابعة أعمال الطلبة بشكل دوري وتقويمها، سواء أكانت ورقية أم إلكترونية.', '2025-05-16 09:23:39', '2025-05-16 09:23:39', 2),
(329, 19, 'يجب تحري الدقة في تصحيح الأعمال التحريرية وتوجيه التغذية الراجعة المناسبة.', '2025-05-16 09:23:39', '2025-05-16 09:23:39', 3),
(330, 19, 'يجب إعلان الواجبات والاختبارات الورقية أو الإلكترونية للطلاب وأولياء الأمور بشكل دوري.', '2025-05-16 09:23:39', '2025-05-16 09:23:39', 4),
(331, 20, 'يجب أن يكون مكان الدرس جاهزا للتعليم والتعلم (نظافة – ترتيب ــ تهوية ــ إضاءة...).', '2025-05-16 09:23:39', '2025-05-16 09:23:39', 1),
(332, 20, 'يجب توجيه الطلبة إلى مراعاة قواعد الأمن والسلامة في الصف والمختبر ومعامل الحاسب.', '2025-05-16 09:23:39', '2025-05-16 09:23:39', 2),
(333, 20, 'يجب أن تكون طريقة جلوس الطلاب منظمة وتسهل التواصل والتعلم داخل الصف.', '2025-05-16 09:23:39', '2025-05-16 09:23:39', 3),
(334, 20, 'يجب أن تكون أعمال الطلبة معروضة ومحدثة داخل الصف.', '2025-05-16 09:23:39', '2025-05-16 09:23:39', 4),
(335, 20, 'يجب أن تكون أعمال الطلبة معروضة ومحدثة على نظام قطر للتعليم.', '2025-05-16 09:23:39', '2025-05-16 09:23:39', 5),
(336, 20, 'يجب بناء علاقات إيجابية وبناءة قائمة على الثقة والاحترام المتبادل بين الطالب والمعلم.', '2025-05-16 09:23:39', '2025-05-16 09:23:39', 6),
(337, 20, 'يجب تشجيع بناء علاقات إيجابية قائمة على الاحترام المتبادل والتعاون بين الطلاب.', '2025-05-16 09:23:39', '2025-05-16 09:23:39', 7),
(338, 20, 'يجب إثارة دافعية الطلبة للمشاركة في أنشطة التعلم بفاعلية.', '2025-05-16 09:23:39', '2025-05-16 09:23:39', 8),
(339, 21, 'يجب تنظيم مشاركات الطلبة ومناقشاتهم الصفية.', '2025-05-16 09:23:39', '2025-05-16 09:23:39', 1),
(340, 21, 'يجب توجيه تعليمات واضحة ومحددة قبل بدء النشاط وأثناء تنفيذه.', '2025-05-16 09:23:39', '2025-05-16 09:23:39', 2),
(341, 21, 'يجب متابعة استجابة الطلبة للتوجيهات وتنفيذها.', '2025-05-16 09:23:39', '2025-05-16 09:23:39', 3),
(342, 21, 'يجب أن تسهم حركة المعلم بين الطلبة أثناء تنفيذ الأنشطة في متابعة الطلبة وتقديم الدعم المناسب لهم.', '2025-05-16 09:23:39', '2025-05-16 09:23:39', 4),
(343, 21, 'يجب إعطاء الفرصة للطلاب في التفكير في الحل', '2025-05-16 09:23:39', '2025-05-16 09:23:39', 5),
(344, 22, 'يجب أن تكون القوانين الصفية ثابتة وواضحة ويعي الطلبة ما يترتب عليها من إجراءات في حالة المخالفة.', '2025-05-16 09:23:39', '2025-05-16 09:23:39', 1),
(345, 22, 'يجب استخدام وسائل وأساليب تربوية متنوعة لتعزيز السلوكيات الإيجابية.', '2025-05-16 09:23:39', '2025-05-16 09:23:39', 2),
(346, 22, 'يجب استخدام وسائل وأساليب تربوية متنوعة لتقويم السلوكيات غير المرغوبة.', '2025-05-16 09:23:39', '2025-05-16 09:23:39', 3),
(347, 23, 'يجب مراعاة الوقت الكافي والمخصص لكل مراحل الدرس (التهيئة ــ العرض –الغلق).', '2025-05-16 09:23:39', '2025-05-16 09:23:39', 1),
(348, 23, 'يجب استخدام وسائل مختلفة لضمان الالتزام بالزمن المحدد للأنشطة (مثل المؤقت أو العد التنازلي ــ الخ ...).', '2025-05-16 09:23:39', '2025-05-16 09:23:39', 2),
(349, 24, 'يجب التأكد من صلاحية الأدوات وتوافرها بالكميات الكافية لجميع الطلاب لتنفيذ التجربة دون عوائق.', '2025-05-16 09:23:39', '2025-05-16 09:23:39', 1),
(350, 25, 'يجب شرح إجراءات الأمن والسلامة بوضوح، ومتابعة تنفيذها من قبل الطلاب أثناء التجربة.', '2025-05-16 09:23:39', '2025-05-16 09:23:39', 1),
(351, 26, 'يجب أن تكون التعليمات دقيقة ومبسطة، وتُعطى في الوقت المناسب قبل وأثناء النشاط العملي.', '2025-05-16 09:23:39', '2025-05-16 09:23:39', 1),
(352, 27, 'يجب تدريب الطلبة على تدوين الملاحظات والنتائج بشكل منظم أثناء أداء النشاط، لتعزيز مهارات الملاحظة والتوثيق.', '2025-05-16 09:23:39', '2025-05-16 09:23:39', 1),
(353, 28, 'يجب أن يتم تقويم أداء الطلبة بشكل فردي أو جماعي أثناء التجربة، ومراعاة تطبيق المهارات العلمية والعملية.', '2025-05-16 09:23:39', '2025-05-16 09:23:39', 1),
(354, 29, 'يجب استخدام أساليب متنوعة للتغذية الراجعة (شفهية، كتابية، آنية أو مؤجلة) لمساعدة الطلبة على تحسين أدائهم وتطوير مهاراتهم.', '2025-05-16 09:23:39', '2025-05-16 09:23:39', 1);

-- --------------------------------------------------------

--
-- Stand-in structure for view `roles`
-- (See below for the actual view)
--
CREATE TABLE `roles` (
`created_at` timestamp
,`description` text
,`display_name` varchar(100)
,`id` int
,`name` varchar(50)
,`permissions` json
,`updated_at` timestamp
);

-- --------------------------------------------------------

--
-- Table structure for table `schools`
--

CREATE TABLE `schools` (
  `id` int NOT NULL,
  `name` varchar(255) CHARACTER SET utf8mb4 COLLATE utf8mb4_unicode_ci NOT NULL,
  `phone` varchar(20) CHARACTER SET utf8mb4 COLLATE utf8mb4_unicode_ci DEFAULT NULL,
  `created_at` timestamp NULL DEFAULT CURRENT_TIMESTAMP,
  `updated_at` timestamp NULL DEFAULT CURRENT_TIMESTAMP ON UPDATE CURRENT_TIMESTAMP,
  `school_code` varchar(20) CHARACTER SET utf8mb4 COLLATE utf8mb4_unicode_ci DEFAULT NULL,
  `email` varchar(255) CHARACTER SET utf8mb4 COLLATE utf8mb4_unicode_ci DEFAULT NULL,
  `address` text CHARACTER SET utf8mb4 COLLATE utf8mb4_unicode_ci,
  `logo` varchar(255) CHARACTER SET utf8mb4 COLLATE utf8mb4_unicode_ci DEFAULT NULL
) ENGINE=InnoDB DEFAULT CHARSET=utf8mb4 COLLATE=utf8mb4_unicode_ci;

--
-- Dumping data for table `schools`
--

INSERT INTO `schools` (`id`, `name`, `phone`, `created_at`, `updated_at`, `school_code`, `email`, `address`, `logo`) VALUES
(1, 'مدرسة عبد الله بن على المسند الثانوية للبنين', '30463336', '2025-05-15 21:52:39', '2025-09-05 18:22:43', '30244', 'info@education.qa', 'zone 74 - street 911 - villa 84', 'uploads/logos/school_logo_1747382863.jpg');

-- --------------------------------------------------------

--
-- Table structure for table `sections`
--

CREATE TABLE `sections` (
  `id` int NOT NULL,
  `name` varchar(255) CHARACTER SET utf8mb4 COLLATE utf8mb4_unicode_ci NOT NULL,
  `grade_id` int NOT NULL,
  `school_id` int NOT NULL,
  `created_at` timestamp NULL DEFAULT CURRENT_TIMESTAMP,
  `updated_at` timestamp NULL DEFAULT CURRENT_TIMESTAMP ON UPDATE CURRENT_TIMESTAMP
) ENGINE=InnoDB DEFAULT CHARSET=utf8mb4 COLLATE=utf8mb4_unicode_ci;

--
-- Dumping data for table `sections`
--

INSERT INTO `sections` (`id`, `name`, `grade_id`, `school_id`, `created_at`, `updated_at`) VALUES
(1, '1', 10, 1, '2025-05-16 07:59:29', '2025-05-16 07:59:29'),
(2, '2', 10, 1, '2025-05-16 07:59:38', '2025-05-16 07:59:38'),
(3, '3', 10, 1, '2025-05-16 07:59:44', '2025-05-16 07:59:44'),
(4, '4', 10, 1, '2025-05-16 07:59:47', '2025-05-16 07:59:47'),
(5, '5', 10, 1, '2025-05-16 07:59:52', '2025-05-16 07:59:52'),
(6, '6', 10, 1, '2025-05-16 07:59:56', '2025-05-16 07:59:56'),
(7, '1', 11, 1, '2025-05-16 08:00:04', '2025-05-16 08:00:04'),
(8, '2', 11, 1, '2025-05-16 08:00:07', '2025-05-16 08:00:07'),
(9, '3', 11, 1, '2025-05-16 08:00:12', '2025-05-16 08:00:12'),
(11, '4', 11, 1, '2025-05-16 08:00:23', '2025-05-16 08:00:23'),
(12, '5', 11, 1, '2025-05-16 08:00:35', '2025-05-16 08:00:35'),
(13, '6', 11, 1, '2025-05-16 08:00:38', '2025-05-16 08:00:38'),
(14, '7', 10, 1, '2025-05-16 08:00:47', '2025-05-16 08:00:47'),
(15, '1', 12, 1, '2025-05-16 08:00:52', '2025-05-16 08:00:52'),
(16, '2', 12, 1, '2025-05-16 08:00:55', '2025-05-16 08:00:55'),
(17, '3', 12, 1, '2025-05-16 08:00:58', '2025-05-16 08:00:58'),
(18, '4', 12, 1, '2025-05-16 08:01:02', '2025-05-16 08:01:02'),
(19, '5', 12, 1, '2025-05-16 08:01:06', '2025-05-16 08:01:06'),
(20, '6', 12, 1, '2025-05-16 08:01:10', '2025-05-16 08:01:10'),
(21, '7', 12, 1, '2025-05-16 08:01:16', '2025-05-16 08:01:16');

-- --------------------------------------------------------

--
-- Table structure for table `subjects`
--

CREATE TABLE `subjects` (
  `id` int NOT NULL,
  `name` varchar(255) CHARACTER SET utf8mb4 COLLATE utf8mb4_unicode_ci NOT NULL,
  `school_id` int DEFAULT NULL,
  `is_school_specific` tinyint(1) NOT NULL DEFAULT '0',
  `is_active` tinyint(1) NOT NULL DEFAULT '1',
  `created_by` int DEFAULT NULL,
  `updated_by` int DEFAULT NULL,
  `created_at` timestamp NULL DEFAULT CURRENT_TIMESTAMP,
  `updated_at` timestamp NULL DEFAULT CURRENT_TIMESTAMP ON UPDATE CURRENT_TIMESTAMP
) ENGINE=InnoDB DEFAULT CHARSET=utf8mb4 COLLATE=utf8mb4_unicode_ci;

--
-- Dumping data for table `subjects`
--

INSERT INTO `subjects` (`id`, `name`, `school_id`, `is_school_specific`, `is_active`, `created_by`, `updated_by`, `created_at`, `updated_at`) VALUES
(1, 'اللغة العربية', NULL, 1, 1, NULL, NULL, '2025-05-16 07:44:23', '2025-05-16 07:49:50'),
(2, 'لغة انجليزية', NULL, 1, 1, NULL, NULL, '2025-05-16 07:44:23', '2025-09-05 18:20:20'),
(3, 'رياضيات', NULL, 1, 1, NULL, NULL, '2025-05-16 07:44:23', '2025-09-05 18:19:19'),
(4, 'علوم', NULL, 1, 1, NULL, NULL, '2025-05-16 07:44:23', '2025-09-05 18:19:42'),
(5, 'فيزياء', NULL, 1, 1, NULL, NULL, '2025-05-16 07:44:23', '2025-09-05 18:20:01'),
(6, 'كيمياء', NULL, 1, 1, NULL, NULL, '2025-05-16 07:44:23', '2025-09-05 18:20:10'),
(7, 'احياء', NULL, 1, 1, NULL, NULL, '2025-05-16 07:44:23', '2025-09-05 18:17:39'),
(8, 'شرعية', NULL, 1, 1, NULL, NULL, '2025-05-16 07:44:23', '2025-09-05 18:19:30'),
(9, 'علوم  اجتماعية', NULL, 1, 1, NULL, NULL, '2025-05-16 07:44:23', '2025-09-05 18:19:52'),
(10, 'الفنون البصرية', NULL, 1, 1, NULL, NULL, '2025-05-16 07:44:23', '2025-09-05 18:17:53'),
(11, 'تربية رياضة', NULL, 1, 1, NULL, NULL, '2025-05-16 07:44:23', '2025-09-05 18:27:17'),
(13, 'المهارات الحياتية', NULL, 1, 1, NULL, NULL, '2025-05-16 07:44:23', '2025-05-16 07:49:58'),
(16, 'حاسب آلي', NULL, 1, 1, NULL, NULL, '2025-05-16 07:44:23', '2025-09-05 18:19:09'),
(18, 'إدارة أعمال', NULL, 0, 1, NULL, NULL, '2025-09-05 18:18:44', '2025-09-05 18:18:44'),
(19, 'تربية خاصة', NULL, 0, 1, NULL, NULL, '2025-09-05 18:18:53', '2025-09-05 18:18:53');

-- --------------------------------------------------------

--
-- Table structure for table `system_settings`
--

CREATE TABLE `system_settings` (
  `id` int NOT NULL,
  `setting_key` varchar(100) COLLATE utf8mb4_general_ci NOT NULL,
  `setting_value` text COLLATE utf8mb4_general_ci,
  `description` varchar(255) COLLATE utf8mb4_general_ci DEFAULT NULL,
  `created_at` timestamp NULL DEFAULT CURRENT_TIMESTAMP,
  `updated_at` timestamp NULL DEFAULT CURRENT_TIMESTAMP ON UPDATE CURRENT_TIMESTAMP
) ENGINE=InnoDB DEFAULT CHARSET=utf8mb4 COLLATE=utf8mb4_general_ci;

--
-- Dumping data for table `system_settings`
--

INSERT INTO `system_settings` (`id`, `setting_key`, `setting_value`, `description`, `created_at`, `updated_at`) VALUES
(1, 'site_name', 'نظام زيارة الصفوف', 'اسم الموقع', '2025-09-05 21:10:08', '2025-09-05 21:15:24'),
(2, 'site_description', 'نظام إداري لمتابعة وتقييم الزيارات الصفية', 'وصف الموقع', '2025-09-05 21:10:08', '2025-09-05 21:15:24'),
(3, 'academic_year', '2025-2026', 'العام الأكاديمي الحالي', '2025-09-05 21:10:08', '2025-09-05 21:15:24'),
(4, 'max_file_size', '5', 'الحد الأقصى لحجم الملفات (بالميجابايت)', '2025-09-05 21:10:08', '2025-09-05 21:15:24'),
(5, 'allowed_file_types', 'pdf,doc,docx,jpg,jpeg,png', 'أنواع الملفات المسموحة', '2025-09-05 21:10:08', '2025-09-05 21:15:24'),
(6, 'session_timeout', '120', 'مهلة انتهاء الجلسة (بالدقائق)', '2025-09-05 21:10:08', '2025-09-05 21:15:24'),
(7, 'backup_frequency', 'daily', 'تكرار النسخ الاحتياطي', '2025-09-05 21:10:08', '2025-09-05 21:15:24'),
(8, 'email_notifications', '1', 'تفعيل الإشعارات بالبريد الإلكتروني', '2025-09-05 21:10:08', '2025-09-05 21:15:24'),
(9, 'maintenance_mode', '0', 'وضع الصيانة', '2025-09-05 21:10:08', '2025-09-05 21:10:08'),
(10, 'default_language', 'ar', 'اللغة الافتراضية', '2025-09-05 21:10:08', '2025-09-05 21:15:24'),
(11, 'timezone', 'Asia/Qatar', 'المنطقة الزمنية', '2025-09-05 21:10:08', '2025-09-05 21:15:24'),
(12, 'max_login_attempts', '5', 'عدد محاولات تسجيل الدخول القصوى', '2025-09-05 21:10:08', '2025-09-05 21:15:24');

-- --------------------------------------------------------

--
-- Table structure for table `teachers`
--

CREATE TABLE `teachers` (
  `id` int NOT NULL,
  `name` varchar(255) CHARACTER SET utf8mb4 COLLATE utf8mb4_unicode_ci NOT NULL,
  `personal_id` varchar(20) CHARACTER SET utf8mb4 COLLATE utf8mb4_unicode_ci NOT NULL,
  `email` varchar(255) CHARACTER SET utf8mb4 COLLATE utf8mb4_unicode_ci DEFAULT NULL,
  `job_title` varchar(50) CHARACTER SET utf8mb4 COLLATE utf8mb4_unicode_ci NOT NULL DEFAULT '????????',
  `phone` varchar(20) CHARACTER SET utf8mb4 COLLATE utf8mb4_unicode_ci DEFAULT NULL,
  `school_id` int NOT NULL,
  `created_at` timestamp NULL DEFAULT CURRENT_TIMESTAMP,
  `updated_at` timestamp NULL DEFAULT CURRENT_TIMESTAMP ON UPDATE CURRENT_TIMESTAMP,
  `user_id` int DEFAULT NULL
) ENGINE=InnoDB DEFAULT CHARSET=utf8mb4 COLLATE=utf8mb4_unicode_ci;

--
-- Dumping data for table `teachers`
--

INSERT INTO `teachers` (`id`, `name`, `personal_id`, `email`, `job_title`, `phone`, `school_id`, `created_at`, `updated_at`, `user_id`) VALUES
(334, 'جاسم جمعه عبدالله  المريخى', '26563400092', 'j.al-meraikhi2112', 'مدير', '55504093', 1, '2025-09-05 18:31:36', '2025-09-05 23:55:10', 235),
(335, 'سيف محمد سيف الجفالى النعيمى', '27963400657', 's.al-naimi0801', 'النائب الأكاديمي', '51600065', 1, '2025-09-05 18:31:36', '2025-09-05 23:55:10', 236),
(336, 'ياسر محمد أحمد عبد الرحمن', '28281810411', 'y.abdelrahman1005', 'مدير', '31031067', 1, '2025-09-05 18:31:36', '2025-09-05 23:55:10', 237),
(337, 'وليد فوزي محمد عماره', '27581807586', 'w.emara2109', 'مدير', '30463336', 1, '2025-09-05 18:31:36', '2025-09-05 23:55:10', 238),
(338, 'محمد رياض عمار', '28478801169', 'm.ammar0504', 'مدير', '33147731', 1, '2025-09-05 18:31:37', '2025-09-05 23:55:10', 239),
(339, 'محمد مصطفى عبداللطيف  علي', '28081807403', 'm.ali0308', 'منسق المادة', '30039724', 1, '2025-09-05 18:31:37', '2025-09-05 23:55:10', 240),
(340, 'رضا فتحي عبدالمقصود  الدسوقى', '27381803984', 'r.eldisouky0612', 'معلم', '77016085', 1, '2025-09-05 18:31:37', '2025-09-05 23:55:10', 241),
(341, 'خالد خميس المحمد  الجبر', '28176001316', 'k.aljabr0902', 'معلم', '55037147', 1, '2025-09-05 18:31:37', '2025-09-05 23:55:10', 242),
(342, 'عواد علي عواد  القضاه', '27840001128', 'a.alqudah1402', 'معلم', '55037151', 1, '2025-09-05 18:31:37', '2025-09-05 23:55:10', 243),
(343, 'عبدالعزيز معوض عبدالعزيز  علي', '27681806952', 'a.aly2202', 'معلم', '30308273', 1, '2025-09-05 18:31:37', '2025-09-05 23:54:02', 244),
(344, 'محمد عيسى احمد الحسن المهندى', '26463400778', 'm.al-mohannadi010112', 'معلم', '55537512', 1, '2025-09-05 18:31:37', '2025-09-05 23:55:10', 245),
(345, 'باسم عبدالكريم فالح المقصقص', '28240002031', 'b.almqassqas2802', 'معلم', '30045665', 1, '2025-09-05 18:31:37', '2025-09-05 23:55:10', 246),
(346, 'عماد جمعه خميس  الغرابلي', '27499900372', 'i.algharabli2701', 'معلم', '50659803', 1, '2025-09-05 18:31:38', '2025-09-05 23:55:10', 247),
(347, 'محمد علي لطفي احمد سلامة', '28481811662', 'm.salama2110', 'معلم', '31022440', 1, '2025-09-05 18:31:38', '2025-09-05 23:55:10', 248),
(348, 'ضياء الدين رياض الحلو', '28076003896', 'd.helo2502', 'منسق المادة', '66273147', 1, '2025-09-05 18:31:38', '2025-09-05 23:55:10', 249),
(349, 'صايل عبدالرحمن عبدالكريم  الذنيبات', '27140001050', 's.althunibat0212', 'معلم', '55743112', 1, '2025-09-05 18:31:38', '2025-09-05 23:55:10', 250),
(350, 'ثروت احمدى الشبراوى محمد على', '27481803365', 's.ali2505', 'معلم', '55221241', 1, '2025-09-05 18:31:38', '2025-09-05 23:55:10', 251),
(351, 'محمد عبدالله محمد سالم بباه', '27847800070', 'm.bebah3112', 'معلم', '33565543', 1, '2025-09-05 18:31:38', '2025-09-05 23:55:10', 252),
(352, 'عماد عادل مسعود أبو مغلي', '27640001276', 'e.abumougly0103', 'معلم', '66400521', 1, '2025-09-05 18:31:39', '2025-09-05 23:55:10', 253),
(353, 'حسام الدين محمد محمد علي الصياد', '26481802610', 'h.elsayyad0110', 'منسق المادة', '77311350', 1, '2025-09-05 18:31:39', '2025-09-05 23:55:10', 254),
(354, 'إسماعيل محمد العبد', '26576000611', 'i.alabed0112', 'معلم', '66854532', 1, '2025-09-05 18:31:39', '2025-09-05 23:55:10', 255),
(355, 'منتصر محمد شعبان  على', '27881807607', 'm.ali0709', 'معلم', '66266306', 1, '2025-09-05 18:31:39', '2025-09-05 23:55:10', 256),
(356, 'ابراهيم محمد   المحمد', '28076004226', 'i.almohammad1706', 'معلم', '66407781', 1, '2025-09-05 18:31:39', '2025-09-05 23:55:10', 257),
(357, 'سعيد خاشع   السلطان', '28876002299', 's.alsultan1008', 'معلم', '50220521', 1, '2025-09-05 18:31:39', '2025-09-05 23:55:10', 258),
(358, 'محمد سبتي درويش الرمحي', '27440001342', 'm.alramahi1006', 'معلم', '30744330', 1, '2025-09-05 18:31:39', '2025-09-05 23:55:10', 259),
(359, 'أحمد زكي علي الزغول', '29540002568', '', 'معلم', '30018183', 1, '2025-09-05 18:31:40', '2025-09-05 23:55:10', 260),
(360, 'خالد علي الحمد  العلي', '28776002151', 'k.alali1802', 'معلم', '66093334', 1, '2025-09-05 18:31:40', '2025-09-05 23:55:10', 261),
(361, 'خالد سالم عبدالعزيز  محمد', '28081809628', 'k.mohamed0902', 'معلم', '30271585', 1, '2025-09-05 18:31:40', '2025-09-05 23:55:10', 262),
(362, 'محمد السيد عبدالصبور  محمد', '28181804042', 'm.mohamed2803', 'منسق المادة', '55431619', 1, '2025-09-05 18:31:40', '2025-09-05 23:55:10', 263),
(363, 'عبدالرحمن محمود الرزوق', '28476002916', 'a.alrazooq0201', 'معلم', '33547618', 1, '2025-09-05 18:31:40', '2025-09-05 23:55:10', 264),
(364, 'عامر وائل محمود  الوردات', '28840001725', 'a.alwardat1911', 'معلم', '77706526', 1, '2025-09-05 18:31:40', '2025-09-05 23:55:10', 265),
(365, 'اسامه محمد احمد  الصابر', '28381806309', 'o.elsaber1602', 'معلم', '30293236', 1, '2025-09-05 18:31:40', '2025-09-05 23:55:10', 266),
(366, 'عبدالمحسن محمد أحمد عبدالرحمن', '27573601472', 'a.abdelrahman010129', 'منسق المادة', '66289597', 1, '2025-09-05 18:31:41', '2025-09-05 23:55:10', 267),
(367, 'أحمد أديب القصاب', '28276001286', 'a.alkassab1706', 'معلم', '55037156', 1, '2025-09-05 18:31:41', '2025-09-05 23:55:10', 268),
(368, 'محمد احمد محمود  ابوحلتم', '27040000937', 'm.haltam0111', 'معلم', '55072581', 1, '2025-09-05 18:31:41', '2025-09-05 23:55:10', 269),
(369, 'محمد غالب محمد المساعيد', '29440002222', 'm.almasaeid1006', 'معلم', '31227811', 1, '2025-09-05 18:31:41', '2025-09-05 23:55:10', 270),
(370, 'فراس محمد رشيد سلامه', '27140001123', 'f.salameh2609', 'منسق المادة', '70176050', 1, '2025-09-05 18:31:41', '2025-09-05 23:55:10', 271),
(371, 'عصام حمزة جوهر ابوطالب', '27381804902', 'e.aboutaleb2203', 'معلم', '77513360', 1, '2025-09-05 18:31:41', '2025-09-05 23:55:10', 272),
(372, 'عيسى محمد احمد الحسن المهندى', '27263400266', 'e.al-muhannadi2504', 'معلم', '55515812', 1, '2025-09-05 18:31:41', '2025-09-05 23:55:10', 273),
(373, 'يمان ديندار', '28376003495', 'y.din1001', 'معلم', '33875958', 1, '2025-09-05 18:31:42', '2025-09-05 23:55:10', 274),
(374, 'حسام احمد فارس القضاه', '28940002572', 'demo1', 'معلم', '30628805', 1, '2025-09-05 18:31:42', '2025-09-05 23:55:10', 275),
(375, 'عمر زرعيد   غضوي', '27576002012', 'o.ghadawi0501', 'منسق المادة', '33834554', 1, '2025-09-05 18:31:42', '2025-09-05 23:55:10', 276),
(376, 'محمد طلاق احمد بني حمد', '27740002016', 'm.banihamad3110', 'معلم', '71007810', 1, '2025-09-05 18:31:42', '2025-09-05 23:55:10', 277),
(377, 'عصام محمود محمد  عوض', '28281809248', 'e.awad1507', 'معلم', '74745629', 1, '2025-09-05 18:31:42', '2025-09-05 23:55:10', 278),
(378, 'ايمن فضل الكريم أبوالقاسم حمزة', '27381804932', 'a.hamza0409', 'معلم', '33831248', 1, '2025-09-05 18:31:42', '2025-09-05 23:55:10', 279),
(379, 'محمد مصطفى طلبه  مصطفى', '27681806976', 'm.mostafa01013', 'معلم', '33459563', 1, '2025-09-05 18:31:43', '2025-09-05 23:55:10', 280),
(380, 'محمود حمد احمد  البديرات', '28240001228', 'm.albederat1209', 'معلم', '33071376', 1, '2025-09-05 18:31:43', '2025-09-05 23:55:10', 281),
(381, 'احمد عبود   الجيجان', '28776001982', 'a.aljejan1303', 'معلم', '66157342', 1, '2025-09-05 18:31:43', '2025-09-05 23:55:10', 282),
(382, 'محمد زياد صالح جرادات', '28540002363', 'm.jaradat0410', 'معلم', '33044029', 1, '2025-09-05 18:31:43', '2025-09-05 23:55:10', 283),
(383, 'عمر راشد حسن خليل', '26840000972', 'o.khaleel0108', 'منسق المادة', '33463557', 1, '2025-09-05 18:31:43', '2025-09-05 23:55:10', 284),
(384, 'محمد علي ابراهيم السيدعلي', '27676002444', 'm.sayedali1501', 'معلم', '50555976', 1, '2025-09-05 18:31:43', '2025-09-05 23:55:10', 285),
(385, 'تامر سالم مشرف سالم محمد', '27381801863', 't.mohamed2605', 'معلم', '55413286', 1, '2025-09-05 18:31:43', '2025-09-05 23:55:10', 286),
(386, 'صباح نصر صباح  قريبه', '29199900528', 's.quraiba0911', 'معلم', '30968771', 1, '2025-09-05 18:31:44', '2025-09-05 23:55:10', 287),
(387, 'رايلي مصطفى سليمان بني بكر', '27640001363', 'r.baker3007', 'معلم', '31010224', 1, '2025-09-05 18:31:44', '2025-09-05 23:55:10', 288),
(388, 'عمار اسود   كحيط', '27876002876', 'a.kaheet20011', 'معلم', '55626490', 1, '2025-09-05 18:31:44', '2025-09-05 23:55:10', 289),
(389, 'اشرف عبدالمنصف محمد  الهنداوى', '26981803707', 'a.elhandawy0504', 'معلم', '55765926', 1, '2025-09-05 18:31:44', '2025-09-05 23:55:10', 290),
(390, 'محمد سليم المحمد', '27476002066', 'm.almohammad0508', 'معلم', '30116775', 1, '2025-09-05 18:31:44', '2025-09-05 23:55:10', 291),
(391, 'محمد عبدالحميد محمد فرحات', '27081803456', 'm.farahat1212', 'منسق المادة', '55386404', 1, '2025-09-05 18:31:44', '2025-09-05 23:55:10', 292),
(392, 'طارق محمد علام  شلتوت', '27081801424', 't.shaltout0711', 'معلم', '55463899', 1, '2025-09-05 18:31:44', '2025-09-05 23:55:10', 293),
(393, 'طاهر سهيلي', '28878800289', 't.shili2106', 'معلم', '30257217', 1, '2025-09-05 18:31:45', '2025-09-05 23:55:10', 294),
(394, 'هشام بن عبدالرحمان   سالمي', '28178801165', 'h.selmi0208', 'منسق المادة', '66298991', 1, '2025-09-05 18:31:45', '2025-09-05 23:55:10', 295),
(395, 'انس محمد صبحي السيد عمر', '28576002648', 'a.omar1411', 'معلم', '66296146', 1, '2025-09-05 18:31:45', '2025-09-05 23:55:10', 296),
(396, 'نبيل عبدالعزيز   صحبي', '28478801690', 'n.sahbi0901', 'معلم', '66040424', 1, '2025-09-05 18:31:45', '2025-09-05 23:55:10', 297),
(397, 'مامون يوسف موسى  فراج', '28640000748', 'm.farraj1504', 'معلم', '33256106', 1, '2025-09-05 18:31:45', '2025-09-05 23:55:10', 298),
(398, 'حمد نصف محمد الحسن المهندى', '28463401368', 'h.al-mohannidi0608', 'معلم', '55811223', 1, '2025-09-05 18:31:45', '2025-09-05 23:55:10', 299),
(399, 'ابراهيم عبدالحليم المنسي عبدالحليم حسن', '28381806392', 'i.hassan1108', 'منسق المادة', '30152180', 1, '2025-09-05 18:31:45', '2025-09-05 23:55:10', 300),
(400, 'صالح عبدالفتاح فياض  الخوالده', '27740001696', 's.alkhawaldeh0210', 'معلم', '77856604', 1, '2025-09-05 18:31:46', '2025-09-05 23:55:10', 301),
(401, 'سليم محمد سليمان  النعيمات', '28740001937', 's.alnaimat0207', 'معلم', '30666545', 1, '2025-09-05 18:31:46', '2025-09-05 23:55:10', 302),
(402, 'علاء السيد محمد  أبوشحاته', '27481805163', 'a.aboushehata2007', 'معلم', '66987115', 1, '2025-09-05 18:31:46', '2025-09-05 23:55:10', 303),
(403, 'موفق الفريح', '29238400024', 'm.alfraih1009', 'معلم', '30313464', 1, '2025-09-05 18:31:46', '2025-09-05 23:55:10', 304),
(404, 'محمد عبدالرحمن إبراهيم كناعنه', '28340002358', 'demo@demo.com', 'معلم', '30031901', 1, '2025-09-05 18:31:46', '2025-09-05 23:55:10', 305),
(405, 'صائب سالم دليمي', '26876000143', 's.dlimi0310', 'معلم', '55624935', 1, '2025-09-05 18:31:46', '2025-09-05 23:55:10', 306),
(406, 'حسين رمضان   حنيت', '29376000723', 'h.hnit0101', 'معلم', '55646897', 1, '2025-09-05 18:31:46', '2025-09-05 23:55:10', 307),
(407, 'احمدحسن نبيل   كلثوم', '28476003161', 'a.colthoum2710', 'معلم', '30232770', 1, '2025-09-05 18:31:47', '2025-09-05 23:55:10', 308),
(408, 'محمد السيد محمد جاد', '27888188143', 'm.manmoud2706', 'معلم', '70607840', 1, '2025-09-05 18:31:47', '2025-09-05 23:55:10', 309),
(409, 'موجه أحياء', '12345678901', 'Biology', 'موجه المادة', '12345678', 1, '2025-09-05 18:44:52', '2025-09-05 23:58:41', 310),
(410, 'موجه الفنون البصرية', '12345678902', 'art', 'موجه المادة', '12345678', 1, '2025-09-05 18:45:41', '2025-09-05 23:58:41', 311),
(411, 'موجه اللغة العربية', '12345678903', 'arabic', 'موجه المادة', '12345678', 1, '2025-09-05 18:45:41', '2025-09-05 23:58:41', 312),
(412, 'موجه المهارات الحياتية', '12345678904', 'Skills', 'موجه المادة', '12345678', 1, '2025-09-05 18:45:41', '2025-09-05 23:58:41', 313),
(413, 'موجه إدارة أعمال', '12345678905', 'Administration', 'موجه المادة', '12345678', 1, '2025-09-05 18:45:41', '2025-09-05 23:58:41', 314),
(414, 'موجه تربية خاصة', '12345678906', 'Special', 'موجه المادة', '12345678', 1, '2025-09-05 18:45:41', '2025-09-05 23:58:41', 315),
(415, 'موجه تربية رياضة', '12345678907', 'sport', 'موجه المادة', '12345678', 1, '2025-09-05 18:45:41', '2025-09-05 23:58:41', 316),
(416, 'موجه حاسب آلي', '12345678908', 'computer', 'موجه المادة', '12345678', 1, '2025-09-05 18:45:41', '2025-09-05 23:58:41', 317),
(417, 'موجه رياضيات', '12345678909', 'math', 'موجه المادة', '12345678', 1, '2025-09-05 18:45:41', '2025-09-05 23:58:42', 318),
(418, 'موجه شرعية', '12345678910', 'islam', 'موجه المادة', '12345678', 1, '2025-09-05 18:45:41', '2025-09-05 23:58:42', 319),
(419, 'موجه علوم', '12345678911', 'Science', 'موجه المادة', '12345678', 1, '2025-09-05 18:45:41', '2025-09-05 23:58:42', 320),
(420, 'موجه علوم اجتماعية', '12345678912', 'Social', 'موجه المادة', '12345678', 1, '2025-09-05 18:45:41', '2025-09-05 23:58:42', 321),
(421, 'موجه فيزياء', '12345678913', 'Physics', 'موجه المادة', '12345678', 1, '2025-09-05 18:45:41', '2025-09-05 23:58:42', 322),
(422, 'موجه كيمياء', '12345678914', 'Chemistry', 'موجه المادة', '12345678', 1, '2025-09-05 18:45:41', '2025-09-05 23:58:42', 323),
(423, 'موجه لغة إنجليزية', '12345678915', 'English', 'موجه المادة', '12345678', 1, '2025-09-05 18:45:41', '2025-09-05 23:58:42', 324);

-- --------------------------------------------------------

--
-- Table structure for table `teacher_subjects`
--

CREATE TABLE `teacher_subjects` (
  `id` int NOT NULL,
  `teacher_id` int NOT NULL,
  `subject_id` int NOT NULL,
  `created_at` timestamp NULL DEFAULT CURRENT_TIMESTAMP,
  `updated_at` timestamp NULL DEFAULT CURRENT_TIMESTAMP ON UPDATE CURRENT_TIMESTAMP
) ENGINE=InnoDB DEFAULT CHARSET=utf8mb4 COLLATE=utf8mb4_unicode_ci;

--
-- Dumping data for table `teacher_subjects`
--

INSERT INTO `teacher_subjects` (`id`, `teacher_id`, `subject_id`, `created_at`, `updated_at`) VALUES
(215, 339, 3, '2025-09-05 18:31:37', '2025-09-05 18:31:37'),
(216, 340, 3, '2025-09-05 18:31:37', '2025-09-05 18:31:37'),
(217, 341, 3, '2025-09-05 18:31:37', '2025-09-05 18:31:37'),
(218, 342, 3, '2025-09-05 18:31:37', '2025-09-05 18:31:37'),
(219, 343, 3, '2025-09-05 18:31:37', '2025-09-05 18:31:37'),
(220, 344, 3, '2025-09-05 18:31:37', '2025-09-05 18:31:37'),
(221, 345, 3, '2025-09-05 18:31:37', '2025-09-05 18:31:37'),
(222, 346, 3, '2025-09-05 18:31:38', '2025-09-05 18:31:38'),
(223, 347, 3, '2025-09-05 18:31:38', '2025-09-05 18:31:38'),
(224, 348, 8, '2025-09-05 18:31:38', '2025-09-05 18:31:38'),
(225, 349, 8, '2025-09-05 18:31:38', '2025-09-05 18:31:38'),
(226, 350, 8, '2025-09-05 18:31:38', '2025-09-05 18:31:38'),
(227, 351, 8, '2025-09-05 18:31:38', '2025-09-05 18:31:38'),
(228, 352, 8, '2025-09-05 18:31:39', '2025-09-05 18:31:39'),
(229, 353, 9, '2025-09-05 18:31:39', '2025-09-05 18:31:39'),
(230, 354, 9, '2025-09-05 18:31:39', '2025-09-05 18:31:39'),
(231, 355, 9, '2025-09-05 18:31:39', '2025-09-05 18:31:39'),
(232, 356, 9, '2025-09-05 18:31:39', '2025-09-05 18:31:39'),
(233, 357, 9, '2025-09-05 18:31:39', '2025-09-05 18:31:39'),
(234, 358, 9, '2025-09-05 18:31:39', '2025-09-05 18:31:39'),
(235, 359, 9, '2025-09-05 18:31:40', '2025-09-05 18:31:40'),
(236, 360, 4, '2025-09-05 18:31:40', '2025-09-05 18:31:40'),
(237, 361, 4, '2025-09-05 18:31:40', '2025-09-05 18:31:40'),
(238, 362, 6, '2025-09-05 18:31:40', '2025-09-05 18:31:40'),
(239, 363, 6, '2025-09-05 18:31:40', '2025-09-05 18:31:40'),
(240, 364, 6, '2025-09-05 18:31:40', '2025-09-05 18:31:40'),
(241, 365, 6, '2025-09-05 18:31:40', '2025-09-05 18:31:40'),
(242, 366, 5, '2025-09-05 18:31:41', '2025-09-05 18:31:41'),
(243, 367, 5, '2025-09-05 18:31:41', '2025-09-05 18:31:41'),
(244, 368, 5, '2025-09-05 18:31:41', '2025-09-05 18:31:41'),
(245, 369, 5, '2025-09-05 18:31:41', '2025-09-05 18:31:41'),
(246, 370, 7, '2025-09-05 18:31:41', '2025-09-05 18:31:41'),
(247, 371, 7, '2025-09-05 18:31:41', '2025-09-05 18:31:41'),
(248, 372, 7, '2025-09-05 18:31:41', '2025-09-05 18:31:41'),
(249, 373, 7, '2025-09-05 18:31:42', '2025-09-05 18:31:42'),
(250, 374, 7, '2025-09-05 18:31:42', '2025-09-05 18:31:42'),
(251, 375, 2, '2025-09-05 18:31:42', '2025-09-05 18:31:42'),
(252, 376, 2, '2025-09-05 18:31:42', '2025-09-05 18:31:42'),
(253, 377, 2, '2025-09-05 18:31:42', '2025-09-05 18:31:42'),
(254, 378, 2, '2025-09-05 18:31:42', '2025-09-05 18:31:42'),
(255, 379, 2, '2025-09-05 18:31:43', '2025-09-05 18:31:43'),
(256, 380, 2, '2025-09-05 18:31:43', '2025-09-05 18:31:43'),
(257, 381, 2, '2025-09-05 18:31:43', '2025-09-05 18:31:43'),
(258, 382, 2, '2025-09-05 18:31:43', '2025-09-05 18:31:43'),
(259, 383, 1, '2025-09-05 18:31:43', '2025-09-05 18:31:43'),
(260, 384, 1, '2025-09-05 18:31:43', '2025-09-05 18:31:43'),
(261, 385, 1, '2025-09-05 18:31:43', '2025-09-05 18:31:43'),
(262, 386, 1, '2025-09-05 18:31:44', '2025-09-05 18:31:44'),
(263, 387, 1, '2025-09-05 18:31:44', '2025-09-05 18:31:44'),
(264, 388, 1, '2025-09-05 18:31:44', '2025-09-05 18:31:44'),
(265, 389, 1, '2025-09-05 18:31:44', '2025-09-05 18:31:44'),
(266, 390, 1, '2025-09-05 18:31:44', '2025-09-05 18:31:44'),
(267, 391, 11, '2025-09-05 18:31:44', '2025-09-05 18:31:44'),
(268, 392, 11, '2025-09-05 18:31:45', '2025-09-05 18:31:45'),
(269, 393, 11, '2025-09-05 18:31:45', '2025-09-05 18:31:45'),
(270, 394, 16, '2025-09-05 18:31:45', '2025-09-05 18:31:45'),
(271, 395, 16, '2025-09-05 18:31:45', '2025-09-05 18:31:45'),
(272, 396, 16, '2025-09-05 18:31:45', '2025-09-05 18:31:45'),
(273, 397, 18, '2025-09-05 18:31:45', '2025-09-05 18:31:45'),
(274, 398, 18, '2025-09-05 18:31:45', '2025-09-05 18:31:45'),
(275, 399, 19, '2025-09-05 18:31:45', '2025-09-05 18:31:45'),
(276, 400, 19, '2025-09-05 18:31:46', '2025-09-05 18:31:46'),
(277, 401, 19, '2025-09-05 18:31:46', '2025-09-05 18:31:46'),
(278, 402, 19, '2025-09-05 18:31:46', '2025-09-05 18:31:46'),
(279, 403, 19, '2025-09-05 18:31:46', '2025-09-05 18:31:46'),
(280, 404, 19, '2025-09-05 18:31:46', '2025-09-05 18:31:46'),
(281, 405, 10, '2025-09-05 18:31:46', '2025-09-05 18:31:46'),
(282, 406, 13, '2025-09-05 18:31:46', '2025-09-05 18:31:46'),
(283, 407, 13, '2025-09-05 18:31:47', '2025-09-05 18:31:47'),
(284, 408, 13, '2025-09-05 18:31:47', '2025-09-05 18:31:47'),
(285, 410, 10, '2025-09-05 18:45:41', '2025-09-05 18:45:41'),
(286, 411, 1, '2025-09-05 18:45:41', '2025-09-05 18:45:41'),
(287, 412, 13, '2025-09-05 18:45:41', '2025-09-05 18:45:41'),
(288, 413, 18, '2025-09-05 18:45:41', '2025-09-05 18:45:41'),
(289, 414, 19, '2025-09-05 18:45:41', '2025-09-05 18:45:41'),
(290, 415, 11, '2025-09-05 18:45:41', '2025-09-05 18:45:41'),
(291, 416, 16, '2025-09-05 18:45:41', '2025-09-05 18:45:41'),
(292, 417, 3, '2025-09-05 18:45:41', '2025-09-05 18:45:41'),
(293, 418, 8, '2025-09-05 18:45:41', '2025-09-05 18:45:41'),
(294, 419, 4, '2025-09-05 18:45:41', '2025-09-05 18:45:41'),
(295, 421, 5, '2025-09-05 18:45:41', '2025-09-05 18:45:41'),
(296, 422, 6, '2025-09-05 18:45:41', '2025-09-05 18:45:41');

-- --------------------------------------------------------

--
-- Table structure for table `users`
--

CREATE TABLE `users` (
  `id` int NOT NULL,
  `username` varchar(100) CHARACTER SET utf8mb4 COLLATE utf8mb4_unicode_ci NOT NULL,
  `email` varchar(255) CHARACTER SET utf8mb4 COLLATE utf8mb4_unicode_ci DEFAULT NULL,
  `password_hash` varchar(255) CHARACTER SET utf8mb4 COLLATE utf8mb4_unicode_ci NOT NULL,
  `full_name` varchar(255) CHARACTER SET utf8mb4 COLLATE utf8mb4_unicode_ci NOT NULL,
  `role_id` int NOT NULL,
  `school_id` int DEFAULT NULL,
  `is_active` tinyint(1) NOT NULL DEFAULT '1',
  `last_login` timestamp NULL DEFAULT NULL,
  `password_reset_token` varchar(255) CHARACTER SET utf8mb4 COLLATE utf8mb4_unicode_ci DEFAULT NULL,
  `password_reset_expires` timestamp NULL DEFAULT NULL,
  `created_at` timestamp NULL DEFAULT CURRENT_TIMESTAMP,
  `updated_at` timestamp NULL DEFAULT CURRENT_TIMESTAMP ON UPDATE CURRENT_TIMESTAMP
) ENGINE=InnoDB DEFAULT CHARSET=utf8mb4 COLLATE=utf8mb4_unicode_ci;

--
-- Dumping data for table `users`
--

INSERT INTO `users` (`id`, `username`, `email`, `password_hash`, `full_name`, `role_id`, `school_id`, `is_active`, `last_login`, `password_reset_token`, `password_reset_expires`, `created_at`, `updated_at`) VALUES
(1, 'admin_user', 'admin@school.edu', '$2y$10$L0Uo60GyAXjKryjF4qO9ZusWC5kqqt4.oYnW1LaBnGLfnBN7PXEsy', 'مدير النظام', 1, 1, 1, '2025-09-05 21:20:27', NULL, NULL, '2025-09-05 14:09:14', '2025-09-05 21:20:27'),
(235, 'j.al-meraikhi2112', 'j.al-meraikhi2112', '$2y$10$BhljEBgxrNl06LexrFeZDu4Pzcg/Z4sJcTNRMozvTDVmQ8pGGyPKa', 'جاسم جمعه عبدالله  المريخى', 2, 1, 1, '2025-09-05 21:17:51', NULL, NULL, '2025-09-05 18:31:36', '2025-09-05 21:17:51'),
(236, 's.al-naimi0801', 's.al-naimi0801', '$2y$10$lL7B75hDhBT1qBPK6Lcfr.keMeDntthjKN9b7Wwnl5CP/XlsXiGuq', 'سيف محمد سيف الجفالى النعيمى', 3, 1, 1, '2025-09-05 21:17:00', NULL, NULL, '2025-09-05 18:31:36', '2025-09-05 21:17:00'),
(237, 'y.abdelrahman1005', 'y.abdelrahman1005', '$2y$10$JxKlzNMmC/ZTikFyVAVez.T.FpioCfPcVP86ODDhgOpMmfRGp5u2G', 'ياسر محمد أحمد عبد الرحمن', 2, 1, 1, NULL, NULL, NULL, '2025-09-05 18:31:36', '2025-09-05 18:31:36'),
(238, 'w.emara2109', 'w.emara2109', '$2y$10$9Lfj16Jy6Y1bRWbrhEE2P.3Jtvu.N.V4msAsbufxaApBmj.Xruh8G', 'وليد فوزي محمد عماره', 2, 1, 1, NULL, NULL, NULL, '2025-09-05 18:31:37', '2025-09-05 18:31:37'),
(239, 'm.ammar0504', 'm.ammar0504', '$2y$10$NYUpCacwsMMcdVj7aUadTepwKsB3/0Y9hvOBJiLnTUoRz2EM7gA1G', 'محمد رياض عمار', 2, 1, 1, NULL, NULL, NULL, '2025-09-05 18:31:37', '2025-09-05 18:31:37'),
(240, 'm.ali0308', 'm.ali0308', '$2y$10$BAJFCr.WoAHc2Gvj/b6JDOX7BkaN09F5YFiuIKgNn0FFN1nqjmx.C', 'محمد مصطفى عبداللطيف  علي', 5, 1, 1, '2025-09-06 01:03:39', NULL, NULL, '2025-09-05 18:31:37', '2025-09-06 01:03:39'),
(241, 'r.eldisouky0612', 'r.eldisouky0612', '$2y$10$apWQ7hoDrtCZCg1A8vmVUuRB6fwUZLG4gvd4YnFz3iAJSTW3KL0GK', 'رضا فتحي عبدالمقصود  الدسوقى', 6, 1, 1, NULL, NULL, NULL, '2025-09-05 18:31:37', '2025-09-05 18:31:37'),
(242, 'k.aljabr0902', 'k.aljabr0902', '$2y$10$xIWx0QZn3kKXKPtTKbaD0OogiCzO.hau4uW6nC5kFe0XlZ0/KAu.2', 'خالد خميس المحمد  الجبر', 6, 1, 1, NULL, NULL, NULL, '2025-09-05 18:31:37', '2025-09-05 18:31:37'),
(243, 'a.alqudah1402', 'a.alqudah1402', '$2y$10$3z6thoLhRLJ.aKA2vOZ2Wux4m8HTqKhbCNnKW3M5BV6PgR0jyRVxW', 'عواد علي عواد  القضاه', 6, 1, 1, NULL, NULL, NULL, '2025-09-05 18:31:37', '2025-09-05 18:31:37'),
(244, 'a.aly2202', 'a.aly2202', '$2y$10$v9Em03TmCi8rEfNaO.45lunR3T8suwimIeY.m4AC8l3qoCTGD3/4.', 'عبدالعزيز معوض عبدالعزيز  علي', 6, 1, 1, '2025-09-05 23:52:16', NULL, NULL, '2025-09-05 18:31:37', '2025-09-05 23:52:16'),
(245, 'm.al-mohannadi010112', 'm.al-mohannadi010112', '$2y$10$X6JyIIHD.kBxGzT3xh3unefDXgm.G4EhgACPPwdyJ3lpapOtYwa0q', 'محمد عيسى احمد الحسن المهندى', 6, 1, 1, NULL, NULL, NULL, '2025-09-05 18:31:37', '2025-09-05 18:31:37'),
(246, 'b.almqassqas2802', 'b.almqassqas2802', '$2y$10$imTDp1G.D8HdsRa8g/6Die.TkJLaIIKk1Wy.u908brcFLt2nul3aW', 'باسم عبدالكريم فالح المقصقص', 6, 1, 1, NULL, NULL, NULL, '2025-09-05 18:31:38', '2025-09-05 18:31:38'),
(247, 'i.algharabli2701', 'i.algharabli2701', '$2y$10$qlIeTZTIyXXhD5sLAih3E.NwVZgcxh8JUZLi6KkUXlSzP9/HjfCq.', 'عماد جمعه خميس  الغرابلي', 6, 1, 1, NULL, NULL, NULL, '2025-09-05 18:31:38', '2025-09-05 18:31:38'),
(248, 'm.salama2110', 'm.salama2110', '$2y$10$sQSNrHwniJolfM1ldO.F9.e2YG5Jw8Yp.wLWp5mQNKmiQUMxOQxu2', 'محمد علي لطفي احمد سلامة', 6, 1, 1, NULL, NULL, NULL, '2025-09-05 18:31:38', '2025-09-05 18:31:38'),
(249, 'd.helo2502', 'd.helo2502', '$2y$10$ISgyh3nSdlqVAMymXQ/BP.BdhDnihf8slPjPLbT7fnUe8bZfuApue', 'ضياء الدين رياض الحلو', 5, 1, 1, NULL, NULL, NULL, '2025-09-05 18:31:38', '2025-09-05 18:31:38'),
(250, 's.althunibat0212', 's.althunibat0212', '$2y$10$asU4aXHX7sKolYFxtrt9d.tOVfFVEclDukxGIYV/nJKKgR2NEx94q', 'صايل عبدالرحمن عبدالكريم  الذنيبات', 6, 1, 1, NULL, NULL, NULL, '2025-09-05 18:31:38', '2025-09-05 18:31:38'),
(251, 's.ali2505', 's.ali2505', '$2y$10$o2lhS.JW4sNMnHneyzWwAezkyaWM5wPtG9w/WRJ6Pradb2keJlV.W', 'ثروت احمدى الشبراوى محمد على', 6, 1, 1, NULL, NULL, NULL, '2025-09-05 18:31:38', '2025-09-05 18:31:38'),
(252, 'm.bebah3112', 'm.bebah3112', '$2y$10$b/bb3TslTDSFxfDn.o/G7O3fjBZWeZeXzHnWPVRhZfJDTr32B/Vd2', 'محمد عبدالله محمد سالم بباه', 6, 1, 1, NULL, NULL, NULL, '2025-09-05 18:31:38', '2025-09-05 18:31:38'),
(253, 'e.abumougly0103', 'e.abumougly0103', '$2y$10$/HHKwepxzmKqAshNmHL/4.FY1/aTvwqazNVuCJJ/aURLqR93/sf1m', 'عماد عادل مسعود أبو مغلي', 6, 1, 1, NULL, NULL, NULL, '2025-09-05 18:31:39', '2025-09-05 18:31:39'),
(254, 'h.elsayyad0110', 'h.elsayyad0110', '$2y$10$eWmBGzHx60IgJWI.jdAdgOZPL3TbzPODzYq4.v.6BmZeSG93CHROK', 'حسام الدين محمد محمد علي الصياد', 5, 1, 1, NULL, NULL, NULL, '2025-09-05 18:31:39', '2025-09-05 18:31:39'),
(255, 'i.alabed0112', 'i.alabed0112', '$2y$10$x7wxqE4JPYqxKTDzzONXQuPqcF3tZrPuNLhkr72CLp90R4SCdZBp.', 'إسماعيل محمد العبد', 6, 1, 1, NULL, NULL, NULL, '2025-09-05 18:31:39', '2025-09-05 18:31:39'),
(256, 'm.ali0709', 'm.ali0709', '$2y$10$I4/Uu6ksjF8q.QKIoYFHQ.oCEJfGYsGDoIwEZnxFPXIF0qO0dffWO', 'منتصر محمد شعبان  على', 6, 1, 1, NULL, NULL, NULL, '2025-09-05 18:31:39', '2025-09-05 18:31:39'),
(257, 'i.almohammad1706', 'i.almohammad1706', '$2y$10$gLE.PJKghztGJ7eK6jFwhOcGmcQqwiSMPS2I9YFKsj0GP/bIubs/2', 'ابراهيم محمد   المحمد', 6, 1, 1, NULL, NULL, NULL, '2025-09-05 18:31:39', '2025-09-05 18:31:39'),
(258, 's.alsultan1008', 's.alsultan1008', '$2y$10$XREJALn7FrWWTdMpuiemX./b68H9v.nSGV5koNb/XslzINTA/XBWa', 'سعيد خاشع   السلطان', 6, 1, 1, NULL, NULL, NULL, '2025-09-05 18:31:39', '2025-09-05 18:31:39'),
(259, 'm.alramahi1006', 'm.alramahi1006', '$2y$10$DWhXUgI5rCgdRHzhGziBMOZnlheIt8NHvphr6wYBzolDlBgvfh9F2', 'محمد سبتي درويش الرمحي', 6, 1, 1, NULL, NULL, NULL, '2025-09-05 18:31:40', '2025-09-05 18:31:40'),
(260, '29540002568', '', '$2y$10$9o91DWKLHFnyHI2rqVuaVeH6xJiS/v8txRW8FjTnA3hIWlwq9T1ra', 'أحمد زكي علي الزغول', 6, 1, 1, NULL, NULL, NULL, '2025-09-05 18:31:40', '2025-09-05 18:31:40'),
(261, 'k.alali1802', 'k.alali1802', '$2y$10$sb3x2uhWBDVvdPGeVDLP4Or2sze43DhrTkQGva.fTXzaV2DrMZ3SS', 'خالد علي الحمد  العلي', 6, 1, 1, NULL, NULL, NULL, '2025-09-05 18:31:40', '2025-09-05 18:31:40'),
(262, 'k.mohamed0902', 'k.mohamed0902', '$2y$10$lh5GrzAq1GgzcAjIDXXTkO1f/2e4ruUFbtE7hkWAxF8NYZIjpkdi2', 'خالد سالم عبدالعزيز  محمد', 6, 1, 1, '2025-09-06 00:18:21', NULL, NULL, '2025-09-05 18:31:40', '2025-09-06 00:18:21'),
(263, 'm.mohamed2803', 'm.mohamed2803', '$2y$10$JRLvE0s9fzwt1pWWNXwijeGpX5sZHfYxEt94sgfVuWGtcNCEZVUpq', 'محمد السيد عبدالصبور  محمد', 5, 1, 1, '2025-09-06 00:54:27', NULL, NULL, '2025-09-05 18:31:40', '2025-09-06 00:54:27'),
(264, 'a.alrazooq0201', 'a.alrazooq0201', '$2y$10$Uff.cK.DYumWkaVR4FMtjeDinNPKq2M.hX2QFW8c.Btj/wQwM/4C2', 'عبدالرحمن محمود الرزوق', 6, 1, 1, NULL, NULL, NULL, '2025-09-05 18:31:40', '2025-09-05 18:31:40'),
(265, 'a.alwardat1911', 'a.alwardat1911', '$2y$10$CDvyLOYJADpsyKUw4Qjwhedv9j5DjKkVgeQoEu0OiOfdfnr6CJf8i', 'عامر وائل محمود  الوردات', 6, 1, 1, NULL, NULL, NULL, '2025-09-05 18:31:40', '2025-09-05 18:31:40'),
(266, 'o.elsaber1602', 'o.elsaber1602', '$2y$10$8y.YVzbn/01aGes.ZhXkau7QkuYE4Huv03dULYEGK8FQBP.5X6Soe', 'اسامه محمد احمد  الصابر', 6, 1, 1, NULL, NULL, NULL, '2025-09-05 18:31:41', '2025-09-05 18:31:41'),
(267, 'a.abdelrahman010129', 'a.abdelrahman010129', '$2y$10$C/1XLqQs3XjoZ8sILkrUX.pJTtqOAjCp5MJGegmHOdPWdL8s05deG', 'عبدالمحسن محمد أحمد عبدالرحمن', 5, 1, 1, NULL, NULL, NULL, '2025-09-05 18:31:41', '2025-09-05 18:31:41'),
(268, 'a.alkassab1706', 'a.alkassab1706', '$2y$10$bY9rMNf7PditmavbiT3bBe/g1v3V3kfe1rEVQGOAo/eyawcv1/Bq.', 'أحمد أديب القصاب', 6, 1, 1, NULL, NULL, NULL, '2025-09-05 18:31:41', '2025-09-05 18:31:41'),
(269, 'm.haltam0111', 'm.haltam0111', '$2y$10$qHaeL0eYCJUVcnaAYQg.sOjlmPno30rzSjWih13sEsJBicj1kL5Na', 'محمد احمد محمود  ابوحلتم', 6, 1, 1, NULL, NULL, NULL, '2025-09-05 18:31:41', '2025-09-05 18:31:41'),
(270, 'm.almasaeid1006', 'm.almasaeid1006', '$2y$10$DNkPqGztEJ0st9XXR0aJDeRJmZATz2dASorzVhqh.kWCoDVpY7WCu', 'محمد غالب محمد المساعيد', 6, 1, 1, NULL, NULL, NULL, '2025-09-05 18:31:41', '2025-09-05 18:31:41'),
(271, 'f.salameh2609', 'f.salameh2609', '$2y$10$nkmP0YhYUzjuUJqJPUfI9u9h.vyk9cyVYRyfBFHs1v0mayihoI72K', 'فراس محمد رشيد سلامه', 5, 1, 1, NULL, NULL, NULL, '2025-09-05 18:31:41', '2025-09-05 18:31:41'),
(272, 'e.aboutaleb2203', 'e.aboutaleb2203', '$2y$10$OP5hhxAwWX/qRsCsMIyVn.8xImZyzxVYqSxwHBY.COLVA9AiGa7na', 'عصام حمزة جوهر ابوطالب', 6, 1, 1, NULL, NULL, NULL, '2025-09-05 18:31:41', '2025-09-05 18:31:41'),
(273, 'e.al-muhannadi2504', 'e.al-muhannadi2504', '$2y$10$uztQq2eUjXB4rpz9m4jnGenJJtrLhLoi0ZDI6EkcneCv2o6uIywAK', 'عيسى محمد احمد الحسن المهندى', 6, 1, 1, NULL, NULL, NULL, '2025-09-05 18:31:42', '2025-09-05 18:31:42'),
(274, 'y.din1001', 'y.din1001', '$2y$10$9dg76A9vIeVR9O0ErPxrD.Po9iLRePYAR3TNb.P72.d.iJn3u/qoK', 'يمان ديندار', 6, 1, 1, NULL, NULL, NULL, '2025-09-05 18:31:42', '2025-09-05 18:31:42'),
(275, 'demo1', 'demo1', '$2y$10$0Kk3lG0xiIXWbQhu/GgHGe0giiW4IcN8MGTFkSoFpJquRdt80NuMe', 'حسام احمد فارس القضاه', 6, 1, 1, NULL, NULL, NULL, '2025-09-05 18:31:42', '2025-09-05 18:31:42'),
(276, 'o.ghadawi0501', 'o.ghadawi0501', '$2y$10$8z/9IWdzuqG3zO9ugdc69.U0H3ZTg7z5dk35SPol5LEIbnYu070ty', 'عمر زرعيد   غضوي', 5, 1, 1, NULL, NULL, NULL, '2025-09-05 18:31:42', '2025-09-05 18:31:42'),
(277, 'm.banihamad3110', 'm.banihamad3110', '$2y$10$2PtIuC2bdwEBZJG.jJs/B.tvvRGTPixnj/9KT8mAYDh1rj0g7MePK', 'محمد طلاق احمد بني حمد', 6, 1, 1, NULL, NULL, NULL, '2025-09-05 18:31:42', '2025-09-05 18:31:42'),
(278, 'e.awad1507', 'e.awad1507', '$2y$10$mzbFAy3A2epe.UdNO.rToucyC2lz0B0Gc8vdBnlwz7GRe73qehOzK', 'عصام محمود محمد  عوض', 6, 1, 1, NULL, NULL, NULL, '2025-09-05 18:31:42', '2025-09-05 18:31:42'),
(279, 'a.hamza0409', 'a.hamza0409', '$2y$10$pURdy9St/1jGMo37.wOLg.zMd8.T9m45ohDaTB0Vk7O5KC4ClWqjm', 'ايمن فضل الكريم أبوالقاسم حمزة', 6, 1, 1, NULL, NULL, NULL, '2025-09-05 18:31:43', '2025-09-05 18:31:43'),
(280, 'm.mostafa01013', 'm.mostafa01013', '$2y$10$Wfz1swz9xavcsWiuRd2FcucUV5wpsXQNw2ZOU1xMEMHUGzY3RT.QS', 'محمد مصطفى طلبه  مصطفى', 6, 1, 1, NULL, NULL, NULL, '2025-09-05 18:31:43', '2025-09-05 18:31:43'),
(281, 'm.albederat1209', 'm.albederat1209', '$2y$10$3phgdH27voDDxcczixfuRu1vdb8NW/CrRPkn75/s7OgUZNHjtBXUO', 'محمود حمد احمد  البديرات', 6, 1, 1, NULL, NULL, NULL, '2025-09-05 18:31:43', '2025-09-05 18:31:43'),
(282, 'a.aljejan1303', 'a.aljejan1303', '$2y$10$IDRD1..KtoVSPseNF1ARVuH7WipNcjkemGAouzYf131EOodSbNx26', 'احمد عبود   الجيجان', 6, 1, 1, NULL, NULL, NULL, '2025-09-05 18:31:43', '2025-09-05 18:31:43'),
(283, 'm.jaradat0410', 'm.jaradat0410', '$2y$10$1HhJ7NPuWxn7Ovafydv3FeSaXtFEA/67pDI.XKIgSYyYkiXofPmHW', 'محمد زياد صالح جرادات', 6, 1, 1, NULL, NULL, NULL, '2025-09-05 18:31:43', '2025-09-05 18:31:43'),
(284, 'o.khaleel0108', 'o.khaleel0108', '$2y$10$6BnJwTN7OkUxz9YTLR/R5ezbvAMg9CDuQA7rhvZPbetx1CwlP2Ki6', 'عمر راشد حسن خليل', 5, 1, 1, NULL, NULL, NULL, '2025-09-05 18:31:43', '2025-09-05 18:31:43'),
(285, 'm.sayedali1501', 'm.sayedali1501', '$2y$10$qeehsyMBdVMpCCuOroK43.fiBfIqRp/wh1fQ2RA671X6mofJ.VILK', 'محمد علي ابراهيم السيدعلي', 6, 1, 1, NULL, NULL, NULL, '2025-09-05 18:31:43', '2025-09-05 18:31:43'),
(286, 't.mohamed2605', 't.mohamed2605', '$2y$10$pGg2u0P7M2Tfze94ptpKwuNF87l/rRJdQvsHk5nJpk2Te2RPDxCl2', 'تامر سالم مشرف سالم محمد', 6, 1, 1, NULL, NULL, NULL, '2025-09-05 18:31:44', '2025-09-05 18:31:44'),
(287, 's.quraiba0911', 's.quraiba0911', '$2y$10$twLuVZ5gn7P1VgVPor5B/.HZdMeZMduOIxIlk3Jx1YQkdIa7vcYgC', 'صباح نصر صباح  قريبه', 6, 1, 1, NULL, NULL, NULL, '2025-09-05 18:31:44', '2025-09-05 18:31:44'),
(288, 'r.baker3007', 'r.baker3007', '$2y$10$VFSu5tTdXQtIECzYKQufcOeNabiLPxN4cYse/zqj07myTVL1NSpzG', 'رايلي مصطفى سليمان بني بكر', 6, 1, 1, NULL, NULL, NULL, '2025-09-05 18:31:44', '2025-09-05 18:31:44'),
(289, 'a.kaheet20011', 'a.kaheet20011', '$2y$10$/KG7yvpa0.gzSOYcvYKgqODyWQO9fCnKq3f6Qx2lcybKyWAVuXDZO', 'عمار اسود   كحيط', 6, 1, 1, NULL, NULL, NULL, '2025-09-05 18:31:44', '2025-09-05 18:31:44'),
(290, 'a.elhandawy0504', 'a.elhandawy0504', '$2y$10$cbTThzBVc..084OwZkZQk.3C6lbz10gNy/HcMQAUO61EhvyqsAWae', 'اشرف عبدالمنصف محمد  الهنداوى', 6, 1, 1, NULL, NULL, NULL, '2025-09-05 18:31:44', '2025-09-05 18:31:44'),
(291, 'm.almohammad0508', 'm.almohammad0508', '$2y$10$XzzKORABziO6hsnyF8vzGe.z1wF3bzZJk7x41vIRvhtD5urPhNXUC', 'محمد سليم المحمد', 6, 1, 1, NULL, NULL, NULL, '2025-09-05 18:31:44', '2025-09-05 18:31:44'),
(292, 'm.farahat1212', 'm.farahat1212', '$2y$10$sxOi8tFlqulqw9xqepvYZOsKy/JzWn/xcufPlZPC8QUqqNlqHR4PC', 'محمد عبدالحميد محمد فرحات', 5, 1, 1, NULL, NULL, NULL, '2025-09-05 18:31:44', '2025-09-05 18:31:44'),
(293, 't.shaltout0711', 't.shaltout0711', '$2y$10$ARgPpzYs5hhiUceW1Qw/7u44PUDXlCRty0tVxm0SHTxIo4Ota1FSa', 'طارق محمد علام  شلتوت', 6, 1, 1, NULL, NULL, NULL, '2025-09-05 18:31:45', '2025-09-05 18:31:45'),
(294, 't.shili2106', 't.shili2106', '$2y$10$Nw2cC3AjTLzlt6diOm7t6OKCPwXXoNNT.K51Ndhwl7wZYRBolRW02', 'طاهر سهيلي', 6, 1, 1, NULL, NULL, NULL, '2025-09-05 18:31:45', '2025-09-05 18:31:45'),
(295, 'h.selmi0208', 'h.selmi0208', '$2y$10$MDOCT0nZ.18yLXVnFItMW.iUjrsLuhUYq5krNC7g1p8zT6UL6LJE2', 'هشام بن عبدالرحمان   سالمي', 5, 1, 1, NULL, NULL, NULL, '2025-09-05 18:31:45', '2025-09-05 18:31:45'),
(296, 'a.omar1411', 'a.omar1411', '$2y$10$GdlZ9k5IhIrdhaNjoly.3eX1qJ69oDcFMa21emkNa2uWxRY/Qhcii', 'انس محمد صبحي السيد عمر', 6, 1, 1, NULL, NULL, NULL, '2025-09-05 18:31:45', '2025-09-05 18:31:45'),
(297, 'n.sahbi0901', 'n.sahbi0901', '$2y$10$M6KWJDBvJ284Aze8R96oWuSsuK3.Lg9jUI5LONArUT8tkArdW6vR2', 'نبيل عبدالعزيز   صحبي', 6, 1, 1, NULL, NULL, NULL, '2025-09-05 18:31:45', '2025-09-05 18:31:45'),
(298, 'm.farraj1504', 'm.farraj1504', '$2y$10$jRf3bYrFgD3w0Hb7kzYQ4.Z.zO88oa1OS/iZakZi80uu.ndytw6JO', 'مامون يوسف موسى  فراج', 6, 1, 1, NULL, NULL, NULL, '2025-09-05 18:31:45', '2025-09-05 18:31:45'),
(299, 'h.al-mohannidi0608', 'h.al-mohannidi0608', '$2y$10$t4JsEoUF46WDu9miGcQWpORbdP/62WHzsSKbhogrWLe9wEbX3mwxy', 'حمد نصف محمد الحسن المهندى', 6, 1, 1, NULL, NULL, NULL, '2025-09-05 18:31:45', '2025-09-05 18:31:45'),
(300, 'i.hassan1108', 'i.hassan1108', '$2y$10$Z021cr2NRI4NQf1b951ueu0abBXqBFG.RORcNB3R11.35fMA3NDYu', 'ابراهيم عبدالحليم المنسي عبدالحليم حسن', 5, 1, 1, NULL, NULL, NULL, '2025-09-05 18:31:46', '2025-09-05 18:31:46'),
(301, 's.alkhawaldeh0210', 's.alkhawaldeh0210', '$2y$10$EevV/yoNBx/M3Ctz5wSf/.xr8Lihg8dkXQbvIDncqDG7CNOptRdi6', 'صالح عبدالفتاح فياض  الخوالده', 6, 1, 1, NULL, NULL, NULL, '2025-09-05 18:31:46', '2025-09-05 18:31:46'),
(302, 's.alnaimat0207', 's.alnaimat0207', '$2y$10$9XaOT6NWif3xhSU0rmB0WeUWsfyNo6xuAvLn0tmnrwN2sb6wUFfOO', 'سليم محمد سليمان  النعيمات', 6, 1, 1, NULL, NULL, NULL, '2025-09-05 18:31:46', '2025-09-05 18:31:46'),
(303, 'a.aboushehata2007', 'a.aboushehata2007', '$2y$10$NVKQNCcjBNhYBHHv6SVDROVJdZT7tM8RBiGzEz6gi3aNKohxasBeG', 'علاء السيد محمد  أبوشحاته', 6, 1, 1, NULL, NULL, NULL, '2025-09-05 18:31:46', '2025-09-05 18:31:46'),
(304, 'm.alfraih1009', 'm.alfraih1009', '$2y$10$8vS5TrjNhu/RjPVGLU106eiO7bTMBdXTzLmUu6r0KJck1eb.dJk/W', 'موفق الفريح', 6, 1, 1, NULL, NULL, NULL, '2025-09-05 18:31:46', '2025-09-05 18:31:46'),
(305, 'demo@demo.com', 'demo@demo.com', '$2y$10$yd6ZIi1Y2pggac0hcupfk.fOK7YG6Nnn.mmIqj.WrdY/.XRXxP2Pi', 'محمد عبدالرحمن إبراهيم كناعنه', 6, 1, 1, NULL, NULL, NULL, '2025-09-05 18:31:46', '2025-09-05 18:31:46'),
(306, 's.dlimi0310', 's.dlimi0310', '$2y$10$DvRbB30bzCE15Hie7fYM6uIhluPylOinqRBm/4SkgMMCFD.UqK/VK', 'صائب سالم دليمي', 6, 1, 1, NULL, NULL, NULL, '2025-09-05 18:31:46', '2025-09-05 18:31:46'),
(307, 'h.hnit0101', 'h.hnit0101', '$2y$10$/GQin1.lD8ynADFSRA8NOeJTk7bMpJG/MHmvDnambWRXLj0yPRywK', 'حسين رمضان   حنيت', 6, 1, 1, NULL, NULL, NULL, '2025-09-05 18:31:47', '2025-09-05 18:31:47'),
(308, 'a.colthoum2710', 'a.colthoum2710', '$2y$10$5yUaMJvGAkf.6lpZAFpN0uy.TZ64HuS5EZ7nZLyU5g6tD1jF6V4DO', 'احمدحسن نبيل   كلثوم', 6, 1, 1, NULL, NULL, NULL, '2025-09-05 18:31:47', '2025-09-05 18:31:47'),
(309, 'm.manmoud2706', 'm.manmoud2706', '$2y$10$.vRX18kJxnScGYUDNfzW2eZQkNlI9HUU8WHflVzG5SJLDgRoXrd2.', 'محمد السيد محمد جاد', 6, 1, 1, NULL, NULL, NULL, '2025-09-05 18:31:47', '2025-09-05 18:31:47'),
(310, 'teacher_409', NULL, '$2y$10$nW8uWdpsU2p5kLBFByT3t.XLqwROUfzM5XEkyUhCDT8yp7he/P7/2', 'موجه أحياء', 3, 1, 1, NULL, NULL, NULL, '2025-09-05 23:58:41', '2025-09-05 23:58:41'),
(311, 'teacher_410', NULL, '$2y$10$7YhXBDl1.kcC7Otmu1qeZO2icqsF5254rSrNAXNwHF8RYP7RXN.CO', 'موجه الفنون البصرية', 3, 1, 1, NULL, NULL, NULL, '2025-09-05 23:58:41', '2025-09-05 23:58:41'),
(312, 'teacher_411', NULL, '$2y$10$6tH/tDGbNHIlVf43cF8WXu/iP6NrI/eDU5yO/dVOrOx7j3RMNVAWi', 'موجه اللغة العربية', 3, 1, 1, NULL, NULL, NULL, '2025-09-05 23:58:41', '2025-09-05 23:58:41'),
(313, 'teacher_412', NULL, '$2y$10$r9VQmGxxAd48U3gr3S/e9uA6ZnSE3K0FfIzpDfIG1Vkktp3EDdNwq', 'موجه المهارات الحياتية', 3, 1, 1, NULL, NULL, NULL, '2025-09-05 23:58:41', '2025-09-05 23:58:41'),
(314, 'teacher_413', NULL, '$2y$10$Jv/OyBSqGZ3AVXEV4QvPZeBH.sfUE9Z6mlggDN3/mlDxRdsKBppfS', 'موجه إدارة أعمال', 3, 1, 1, NULL, NULL, NULL, '2025-09-05 23:58:41', '2025-09-05 23:58:41'),
(315, 'teacher_414', NULL, '$2y$10$vznXQiF9tNgXGfExAeVwdedX/TX8qdyFa.1LNNMaAIcmtHdk8V26i', 'موجه تربية خاصة', 3, 1, 1, NULL, NULL, NULL, '2025-09-05 23:58:41', '2025-09-05 23:58:41'),
(316, 'teacher_415', NULL, '$2y$10$YvPN/9318Dt20m6HtDRXgO1TQdYFc/mB7YTvIi05dbYgUHxc2MDbq', 'موجه تربية رياضة', 3, 1, 1, NULL, NULL, NULL, '2025-09-05 23:58:41', '2025-09-05 23:58:41'),
(317, 'teacher_416', NULL, '$2y$10$/xp1CBmHQQqNwbIGe3AngOLEdirxb9VCxvS5NdgMVsvfl99/B.8nC', 'موجه حاسب آلي', 3, 1, 1, NULL, NULL, NULL, '2025-09-05 23:58:41', '2025-09-05 23:58:41'),
(318, 'teacher_417', NULL, '$2y$10$CZ9F6bc6qaK2ofRtge/jv.ANU2pLpNgkB/j5KsDJyUBqqrtrJKdge', 'موجه رياضيات', 3, 1, 1, NULL, NULL, NULL, '2025-09-05 23:58:42', '2025-09-05 23:58:42'),
(319, 'teacher_418', NULL, '$2y$10$b4RC7cEJFfOKHM6pB.7UJOCMZU5ykC0hI1CMq29YdtSMM/5dRlQfW', 'موجه شرعية', 3, 1, 1, NULL, NULL, NULL, '2025-09-05 23:58:42', '2025-09-05 23:58:42'),
(320, 'teacher_419', NULL, '$2y$10$oKP93/79EeESeHqfyPjU9.bcvVUnoOxMOR9/x66bByBbMwFxQgXXC', 'موجه علوم', 3, 1, 1, NULL, NULL, NULL, '2025-09-05 23:58:42', '2025-09-05 23:58:42'),
(321, 'teacher_420', NULL, '$2y$10$586xMTt2GuJTs3t2Us1HK.81ag7BU.5LkzUTlU6TFIb4hyfFpewy2', 'موجه علوم اجتماعية', 3, 1, 1, NULL, NULL, NULL, '2025-09-05 23:58:42', '2025-09-05 23:58:42'),
(322, 'teacher_421', NULL, '$2y$10$mnVOsjajX8EtuHL2WA89R.vBeDZppkJY4c/tpIHuJXjLUEavAi7Ri', 'موجه فيزياء', 3, 1, 1, NULL, NULL, NULL, '2025-09-05 23:58:42', '2025-09-05 23:58:42'),
(323, 'teacher_422', NULL, '$2y$10$t/Wzbz2m61faJUrjJy56muxQ3gs9qTIKwA5TEqP7i.SjjSz10tB1K', 'موجه كيمياء', 3, 1, 1, NULL, NULL, NULL, '2025-09-05 23:58:42', '2025-09-05 23:58:42'),
(324, 'teacher_423', NULL, '$2y$10$LKgG4p7nuWHQCgHBlyJiwufs6LoIwRoSE9ZX/DS/IhcDeDRw2uSOe', 'موجه لغة إنجليزية', 3, 1, 1, NULL, NULL, NULL, '2025-09-05 23:58:42', '2025-09-05 23:58:42');

-- --------------------------------------------------------

--
-- Table structure for table `user_activity_log`
--

CREATE TABLE `user_activity_log` (
  `id` int NOT NULL,
  `user_id` int DEFAULT NULL,
  `action` varchar(100) CHARACTER SET utf8mb4 COLLATE utf8mb4_unicode_ci NOT NULL,
  `table_name` varchar(100) COLLATE utf8mb4_unicode_ci DEFAULT NULL,
  `record_id` int DEFAULT NULL,
  `old_values` text COLLATE utf8mb4_unicode_ci,
  `new_values` text COLLATE utf8mb4_unicode_ci,
  `description` text CHARACTER SET utf8mb4 COLLATE utf8mb4_unicode_ci,
  `ip_address` varchar(45) CHARACTER SET utf8mb4 COLLATE utf8mb4_unicode_ci DEFAULT NULL,
  `user_agent` text CHARACTER SET utf8mb4 COLLATE utf8mb4_unicode_ci,
  `created_at` timestamp NULL DEFAULT CURRENT_TIMESTAMP
) ENGINE=InnoDB DEFAULT CHARSET=utf8mb4 COLLATE=utf8mb4_unicode_ci;

--
-- Dumping data for table `user_activity_log`
--

INSERT INTO `user_activity_log` (`id`, `user_id`, `action`, `table_name`, `record_id`, `old_values`, `new_values`, `description`, `ip_address`, `user_agent`, `created_at`) VALUES
(1, 1, 'update_settings', 'system_settings', NULL, NULL, '{\"site_name\":\"\\u0646\\u0638\\u0627\\u0645 \\u0632\\u064a\\u0627\\u0631\\u0629 \\u0627\\u0644\\u0635\\u0641\\u0648\\u0641\",\"academic_year\":\"2025-2026\",\"site_description\":\"\\u0646\\u0638\\u0627\\u0645 \\u0625\\u062f\\u0627\\u0631\\u064a \\u0644\\u0645\\u062a\\u0627\\u0628\\u0639\\u0629 \\u0648\\u062a\\u0642\\u064a\\u064a\\u0645 \\u0627\\u0644\\u0632\\u064a\\u0627\\u0631\\u0627\\u062a \\u0627\\u0644\\u0635\\u0641\\u064a\\u0629\",\"default_language\":\"ar\",\"timezone\":\"Asia\\/Qatar\",\"max_file_size\":\"5\",\"allowed_file_types\":\"pdf,doc,docx,jpg,jpeg,png\",\"session_timeout\":\"120\",\"max_login_attempts\":\"5\",\"backup_frequency\":\"daily\",\"email_notifications\":\"1\"}', NULL, '::1', 'Mozilla/5.0 (Windows NT 10.0; Win64; x64) AppleWebKit/537.36 (KHTML, like Gecko) Chrome/139.0.0.0 Safari/537.36', '2025-09-05 21:15:24'),
(2, 1, 'logout', NULL, NULL, NULL, NULL, NULL, '::1', 'Mozilla/5.0 (Windows NT 10.0; Win64; x64) AppleWebKit/537.36 (KHTML, like Gecko) Chrome/139.0.0.0 Safari/537.36', '2025-09-05 21:16:52'),
(3, 236, 'login', 'users', 236, NULL, NULL, NULL, '::1', 'Mozilla/5.0 (Windows NT 10.0; Win64; x64) AppleWebKit/537.36 (KHTML, like Gecko) Chrome/139.0.0.0 Safari/537.36', '2025-09-05 21:17:00'),
(4, 236, 'logout', NULL, NULL, NULL, NULL, NULL, '::1', 'Mozilla/5.0 (Windows NT 10.0; Win64; x64) AppleWebKit/537.36 (KHTML, like Gecko) Chrome/139.0.0.0 Safari/537.36', '2025-09-05 21:17:44'),
(5, 235, 'login', 'users', 235, NULL, NULL, NULL, '::1', 'Mozilla/5.0 (Windows NT 10.0; Win64; x64) AppleWebKit/537.36 (KHTML, like Gecko) Chrome/139.0.0.0 Safari/537.36', '2025-09-05 21:17:51'),
(6, 235, 'logout', NULL, NULL, NULL, NULL, NULL, '::1', 'Mozilla/5.0 (Windows NT 10.0; Win64; x64) AppleWebKit/537.36 (KHTML, like Gecko) Chrome/139.0.0.0 Safari/537.36', '2025-09-05 21:18:53'),
(7, 240, 'login', 'users', 240, NULL, NULL, NULL, '::1', 'Mozilla/5.0 (Windows NT 10.0; Win64; x64) AppleWebKit/537.36 (KHTML, like Gecko) Chrome/139.0.0.0 Safari/537.36', '2025-09-05 21:19:02'),
(8, 1, 'login', 'users', 1, NULL, NULL, NULL, '::1', 'Mozilla/5.0 (Windows NT 10.0; Win64; x64) AppleWebKit/537.36 (KHTML, like Gecko) Chrome/139.0.0.0 Safari/537.36 Edg/139.0.0.0', '2025-09-05 21:20:27'),
(9, 240, 'logout', NULL, NULL, NULL, NULL, NULL, '::1', 'Mozilla/5.0 (Windows NT 10.0; Win64; x64) AppleWebKit/537.36 (KHTML, like Gecko) Chrome/139.0.0.0 Safari/537.36', '2025-09-05 21:27:41'),
(10, 240, 'login', 'users', 240, NULL, NULL, NULL, '::1', 'Mozilla/5.0 (Windows NT 10.0; Win64; x64) AppleWebKit/537.36 (KHTML, like Gecko) Chrome/139.0.0.0 Safari/537.36', '2025-09-05 21:27:47'),
(11, 240, 'logout', NULL, NULL, NULL, NULL, NULL, '::1', 'Mozilla/5.0 (Windows NT 10.0; Win64; x64) AppleWebKit/537.36 (KHTML, like Gecko) Chrome/139.0.0.0 Safari/537.36', '2025-09-05 21:36:43'),
(12, 240, 'login', 'users', 240, NULL, NULL, NULL, '::1', 'Mozilla/5.0 (Windows NT 10.0; Win64; x64) AppleWebKit/537.36 (KHTML, like Gecko) Chrome/139.0.0.0 Safari/537.36', '2025-09-05 21:36:48'),
(13, 240, 'logout', NULL, NULL, NULL, NULL, NULL, '::1', 'Mozilla/5.0 (Windows NT 10.0; Win64; x64) AppleWebKit/537.36 (KHTML, like Gecko) Chrome/139.0.0.0 Safari/537.36', '2025-09-05 22:05:02'),
(14, 240, 'login', 'users', 240, NULL, NULL, NULL, '::1', 'Mozilla/5.0 (Windows NT 10.0; Win64; x64) AppleWebKit/537.36 (KHTML, like Gecko) Chrome/139.0.0.0 Safari/537.36', '2025-09-05 22:05:07'),
(15, 240, 'logout', NULL, NULL, NULL, NULL, NULL, '::1', 'Mozilla/5.0 (Windows NT 10.0; Win64; x64) AppleWebKit/537.36 (KHTML, like Gecko) Chrome/139.0.0.0 Safari/537.36', '2025-09-05 22:09:44'),
(16, 240, 'login', 'users', 240, NULL, NULL, NULL, '::1', 'Mozilla/5.0 (Windows NT 10.0; Win64; x64) AppleWebKit/537.36 (KHTML, like Gecko) Chrome/139.0.0.0 Safari/537.36', '2025-09-05 22:09:49'),
(17, 240, 'logout', NULL, NULL, NULL, NULL, NULL, '::1', 'Mozilla/5.0 (Windows NT 10.0; Win64; x64) AppleWebKit/537.36 (KHTML, like Gecko) Chrome/139.0.0.0 Safari/537.36', '2025-09-05 22:48:22'),
(18, 240, 'login', 'users', 240, NULL, NULL, NULL, '::1', 'Mozilla/5.0 (Windows NT 10.0; Win64; x64) AppleWebKit/537.36 (KHTML, like Gecko) Chrome/139.0.0.0 Safari/537.36', '2025-09-05 22:48:27'),
(19, 240, 'logout', NULL, NULL, NULL, NULL, NULL, '::1', 'Mozilla/5.0 (Windows NT 10.0; Win64; x64) AppleWebKit/537.36 (KHTML, like Gecko) Chrome/139.0.0.0 Safari/537.36', '2025-09-05 22:49:19'),
(20, 240, 'login', 'users', 240, NULL, NULL, NULL, '::1', 'Mozilla/5.0 (Windows NT 10.0; Win64; x64) AppleWebKit/537.36 (KHTML, like Gecko) Chrome/139.0.0.0 Safari/537.36', '2025-09-05 22:49:34'),
(21, 240, 'logout', NULL, NULL, NULL, NULL, NULL, '::1', 'Mozilla/5.0 (Windows NT 10.0; Win64; x64) AppleWebKit/537.36 (KHTML, like Gecko) Chrome/139.0.0.0 Safari/537.36', '2025-09-05 22:52:17'),
(22, 240, 'login', 'users', 240, NULL, NULL, NULL, '::1', 'Mozilla/5.0 (Windows NT 10.0; Win64; x64) AppleWebKit/537.36 (KHTML, like Gecko) Chrome/139.0.0.0 Safari/537.36', '2025-09-05 22:52:23'),
(23, 240, 'logout', NULL, NULL, NULL, NULL, NULL, '::1', 'Mozilla/5.0 (Windows NT 10.0; Win64; x64) AppleWebKit/537.36 (KHTML, like Gecko) Chrome/139.0.0.0 Safari/537.36', '2025-09-05 22:53:08'),
(24, 240, 'login', 'users', 240, NULL, NULL, NULL, '::1', 'Mozilla/5.0 (Windows NT 10.0; Win64; x64) AppleWebKit/537.36 (KHTML, like Gecko) Chrome/139.0.0.0 Safari/537.36', '2025-09-05 22:53:15'),
(25, 240, 'logout', NULL, NULL, NULL, NULL, NULL, '::1', 'Mozilla/5.0 (Windows NT 10.0; Win64; x64) AppleWebKit/537.36 (KHTML, like Gecko) Chrome/139.0.0.0 Safari/537.36', '2025-09-05 23:03:37'),
(26, 240, 'login', 'users', 240, NULL, NULL, NULL, '::1', 'Mozilla/5.0 (Windows NT 10.0; Win64; x64) AppleWebKit/537.36 (KHTML, like Gecko) Chrome/139.0.0.0 Safari/537.36', '2025-09-05 23:03:53'),
(27, 240, 'login', 'users', 240, NULL, NULL, NULL, '', '', '2025-09-05 23:08:39'),
(28, 240, 'logout', NULL, NULL, NULL, NULL, NULL, '::1', 'Mozilla/5.0 (Windows NT 10.0; Win64; x64) AppleWebKit/537.36 (KHTML, like Gecko) Chrome/139.0.0.0 Safari/537.36', '2025-09-05 23:25:58'),
(29, 240, 'login', 'users', 240, NULL, NULL, NULL, '::1', 'Mozilla/5.0 (Windows NT 10.0; Win64; x64) AppleWebKit/537.36 (KHTML, like Gecko) Chrome/139.0.0.0 Safari/537.36', '2025-09-05 23:26:02'),
(30, 240, 'logout', NULL, NULL, NULL, NULL, NULL, '::1', 'Mozilla/5.0 (Windows NT 10.0; Win64; x64) AppleWebKit/537.36 (KHTML, like Gecko) Chrome/139.0.0.0 Safari/537.36', '2025-09-05 23:31:10'),
(31, 240, 'login', 'users', 240, NULL, NULL, NULL, '::1', 'Mozilla/5.0 (Windows NT 10.0; Win64; x64) AppleWebKit/537.36 (KHTML, like Gecko) Chrome/139.0.0.0 Safari/537.36', '2025-09-05 23:31:18'),
(32, 240, 'logout', NULL, NULL, NULL, NULL, NULL, '::1', 'Mozilla/5.0 (Windows NT 10.0; Win64; x64) AppleWebKit/537.36 (KHTML, like Gecko) Chrome/139.0.0.0 Safari/537.36', '2025-09-05 23:32:16'),
(33, 240, 'login', 'users', 240, NULL, NULL, NULL, '::1', 'Mozilla/5.0 (Windows NT 10.0; Win64; x64) AppleWebKit/537.36 (KHTML, like Gecko) Chrome/139.0.0.0 Safari/537.36', '2025-09-05 23:32:22'),
(34, 240, 'logout', NULL, NULL, NULL, NULL, NULL, '::1', 'Mozilla/5.0 (Windows NT 10.0; Win64; x64) AppleWebKit/537.36 (KHTML, like Gecko) Chrome/139.0.0.0 Safari/537.36', '2025-09-05 23:34:04'),
(35, 240, 'login', 'users', 240, NULL, NULL, NULL, '::1', 'Mozilla/5.0 (Windows NT 10.0; Win64; x64) AppleWebKit/537.36 (KHTML, like Gecko) Chrome/139.0.0.0 Safari/537.36', '2025-09-05 23:34:24'),
(36, 240, 'login', 'users', 240, NULL, NULL, NULL, '::1', 'Mozilla/5.0 (Windows NT 10.0; Win64; x64) AppleWebKit/537.36 (KHTML, like Gecko) Chrome/139.0.0.0 Safari/537.36', '2025-09-05 23:35:03'),
(37, 240, 'logout', NULL, NULL, NULL, NULL, NULL, '::1', 'Mozilla/5.0 (Windows NT 10.0; Win64; x64) AppleWebKit/537.36 (KHTML, like Gecko) Chrome/139.0.0.0 Safari/537.36', '2025-09-05 23:44:49'),
(38, 244, 'login', 'users', 244, NULL, NULL, NULL, '::1', 'Mozilla/5.0 (Windows NT 10.0; Win64; x64) AppleWebKit/537.36 (KHTML, like Gecko) Chrome/139.0.0.0 Safari/537.36', '2025-09-05 23:44:57'),
(39, 244, 'logout', NULL, NULL, NULL, NULL, NULL, '::1', 'Mozilla/5.0 (Windows NT 10.0; Win64; x64) AppleWebKit/537.36 (KHTML, like Gecko) Chrome/139.0.0.0 Safari/537.36', '2025-09-05 23:47:42'),
(40, 244, 'login', 'users', 244, NULL, NULL, NULL, '::1', 'Mozilla/5.0 (Windows NT 10.0; Win64; x64) AppleWebKit/537.36 (KHTML, like Gecko) Chrome/139.0.0.0 Safari/537.36', '2025-09-05 23:47:49'),
(41, 244, 'logout', NULL, NULL, NULL, NULL, NULL, '::1', 'Mozilla/5.0 (Windows NT 10.0; Win64; x64) AppleWebKit/537.36 (KHTML, like Gecko) Chrome/139.0.0.0 Safari/537.36', '2025-09-05 23:52:11'),
(42, 244, 'login', 'users', 244, NULL, NULL, NULL, '::1', 'Mozilla/5.0 (Windows NT 10.0; Win64; x64) AppleWebKit/537.36 (KHTML, like Gecko) Chrome/139.0.0.0 Safari/537.36', '2025-09-05 23:52:16'),
(43, 244, 'logout', NULL, NULL, NULL, NULL, NULL, '::1', 'Mozilla/5.0 (Windows NT 10.0; Win64; x64) AppleWebKit/537.36 (KHTML, like Gecko) Chrome/139.0.0.0 Safari/537.36', '2025-09-06 00:17:35'),
(44, 262, 'login', 'users', 262, NULL, NULL, NULL, '::1', 'Mozilla/5.0 (Windows NT 10.0; Win64; x64) AppleWebKit/537.36 (KHTML, like Gecko) Chrome/139.0.0.0 Safari/537.36', '2025-09-06 00:18:21'),
(45, 262, 'logout', NULL, NULL, NULL, NULL, NULL, '::1', 'Mozilla/5.0 (Windows NT 10.0; Win64; x64) AppleWebKit/537.36 (KHTML, like Gecko) Chrome/139.0.0.0 Safari/537.36', '2025-09-06 00:20:41'),
(46, 263, 'login', 'users', 263, NULL, NULL, NULL, '::1', 'Mozilla/5.0 (Windows NT 10.0; Win64; x64) AppleWebKit/537.36 (KHTML, like Gecko) Chrome/139.0.0.0 Safari/537.36', '2025-09-06 00:20:48'),
(47, 263, 'logout', NULL, NULL, NULL, NULL, NULL, '::1', 'Mozilla/5.0 (Windows NT 10.0; Win64; x64) AppleWebKit/537.36 (KHTML, like Gecko) Chrome/139.0.0.0 Safari/537.36', '2025-09-06 00:21:24'),
(48, 240, 'login', 'users', 240, NULL, NULL, NULL, '::1', 'Mozilla/5.0 (Windows NT 10.0; Win64; x64) AppleWebKit/537.36 (KHTML, like Gecko) Chrome/139.0.0.0 Safari/537.36', '2025-09-06 00:21:37'),
(50, 240, 'login', 'users', 240, NULL, NULL, NULL, '::1', 'Mozilla/5.0 (Windows NT 10.0; Win64; x64) AppleWebKit/537.36 (KHTML, like Gecko) Chrome/139.0.0.0 Safari/537.36', '2025-09-06 00:52:48'),
(51, 240, 'logout', NULL, NULL, NULL, NULL, NULL, '::1', 'Mozilla/5.0 (Windows NT 10.0; Win64; x64) AppleWebKit/537.36 (KHTML, like Gecko) Chrome/139.0.0.0 Safari/537.36', '2025-09-06 00:53:21'),
(52, 263, 'login', 'users', 263, NULL, NULL, NULL, '::1', 'Mozilla/5.0 (Windows NT 10.0; Win64; x64) AppleWebKit/537.36 (KHTML, like Gecko) Chrome/139.0.0.0 Safari/537.36', '2025-09-06 00:54:27'),
(53, 263, 'logout', NULL, NULL, NULL, NULL, NULL, '::1', 'Mozilla/5.0 (Windows NT 10.0; Win64; x64) AppleWebKit/537.36 (KHTML, like Gecko) Chrome/139.0.0.0 Safari/537.36', '2025-09-06 01:03:25'),
(54, 240, 'login', 'users', 240, NULL, NULL, NULL, '::1', 'Mozilla/5.0 (Windows NT 10.0; Win64; x64) AppleWebKit/537.36 (KHTML, like Gecko) Chrome/139.0.0.0 Safari/537.36', '2025-09-06 01:03:39'),
(55, 240, 'logout', NULL, NULL, NULL, NULL, NULL, '::1', 'Mozilla/5.0 (Windows NT 10.0; Win64; x64) AppleWebKit/537.36 (KHTML, like Gecko) Chrome/139.0.0.0 Safari/537.36', '2025-09-06 01:05:58');

-- --------------------------------------------------------

--
-- Table structure for table `user_roles`
--

CREATE TABLE `user_roles` (
  `id` int NOT NULL,
  `name` varchar(50) CHARACTER SET utf8mb4 COLLATE utf8mb4_unicode_ci NOT NULL,
  `display_name` varchar(100) CHARACTER SET utf8mb4 COLLATE utf8mb4_unicode_ci NOT NULL,
  `description` text CHARACTER SET utf8mb4 COLLATE utf8mb4_unicode_ci,
  `permissions` json DEFAULT NULL,
  `created_at` timestamp NULL DEFAULT CURRENT_TIMESTAMP,
  `updated_at` timestamp NULL DEFAULT CURRENT_TIMESTAMP ON UPDATE CURRENT_TIMESTAMP
) ENGINE=InnoDB DEFAULT CHARSET=utf8mb4 COLLATE=utf8mb4_unicode_ci;

--
-- Dumping data for table `user_roles`
--

INSERT INTO `user_roles` (`id`, `name`, `display_name`, `description`, `permissions`, `created_at`, `updated_at`) VALUES
(1, 'Admin', 'مدير النظام', 'صلاحيات كاملة على جميع أجزاء النظام', '{\"all\": true}', '2025-09-05 14:09:14', '2025-09-05 14:09:14'),
(2, 'Director', 'مدير المدرسة', 'صلاحيات كاملة على جميع أجزاء النظام', '{\"all\": true}', '2025-09-05 14:09:14', '2025-09-05 14:09:14'),
(3, 'Academic Deputy', 'النائب الأكاديمي', 'صلاحيات كاملة على جميع أجزاء النظام', '{\"all\": true}', '2025-09-05 14:09:14', '2025-09-05 14:09:14'),
(4, 'Supervisor', 'مشرف تربوي', 'صلاحيات على جميع المواد والمعلمين', '{\"full_access\": true}', '2025-09-05 14:09:14', '2025-09-05 14:09:14'),
(5, 'Subject Coordinator', 'منسق المادة', 'صلاحيات على مادة محددة والمعلمين والموجهين المرتبطين بها', '{\"reports_view\": true, \"visit_creation\": true, \"subject_management\": true}', '2025-09-05 14:09:14', '2025-09-05 14:09:14'),
(6, 'Teacher', 'معلم', 'صلاحيات محدودة لعرض الزيارات والتقارير الشخصية فقط', '{\"view_own_visits\": true, \"view_own_reports\": true}', '2025-09-05 14:09:14', '2025-09-05 14:09:14');

-- --------------------------------------------------------

--
-- Table structure for table `user_sessions`
--

CREATE TABLE `user_sessions` (
  `id` int NOT NULL,
  `user_id` int NOT NULL,
  `session_id` varchar(128) CHARACTER SET utf8mb4 COLLATE utf8mb4_unicode_ci NOT NULL,
  `ip_address` varchar(45) CHARACTER SET utf8mb4 COLLATE utf8mb4_unicode_ci DEFAULT NULL,
  `user_agent` text CHARACTER SET utf8mb4 COLLATE utf8mb4_unicode_ci,
  `last_activity` timestamp NULL DEFAULT CURRENT_TIMESTAMP ON UPDATE CURRENT_TIMESTAMP,
  `created_at` timestamp NULL DEFAULT CURRENT_TIMESTAMP
) ENGINE=InnoDB DEFAULT CHARSET=utf8mb4 COLLATE=utf8mb4_unicode_ci;

-- --------------------------------------------------------

--
-- Table structure for table `visitor_types`
--

CREATE TABLE `visitor_types` (
  `id` int NOT NULL,
  `name` varchar(255) CHARACTER SET utf8mb4 COLLATE utf8mb4_unicode_ci NOT NULL,
  `created_at` timestamp NULL DEFAULT CURRENT_TIMESTAMP,
  `updated_at` timestamp NULL DEFAULT CURRENT_TIMESTAMP ON UPDATE CURRENT_TIMESTAMP
) ENGINE=InnoDB DEFAULT CHARSET=utf8mb4 COLLATE=utf8mb4_unicode_ci;

--
-- Dumping data for table `visitor_types`
--

INSERT INTO `visitor_types` (`id`, `name`, `created_at`, `updated_at`) VALUES
(15, 'منسق المادة', '2025-05-16 08:54:31', '2025-05-16 09:11:03'),
(16, 'موجه المادة', '2025-05-16 08:54:31', '2025-05-16 09:11:20'),
(17, 'النائب الأكاديمي', '2025-05-16 08:54:31', '2025-05-16 08:59:10'),
(18, 'مدير', '2025-05-16 08:54:31', '2025-05-16 09:11:37');

-- --------------------------------------------------------

--
-- Table structure for table `visits`
--

CREATE TABLE `visits` (
  `id` int NOT NULL,
  `school_id` int NOT NULL,
  `teacher_id` int NOT NULL,
  `subject_id` int NOT NULL,
  `grade_id` int NOT NULL,
  `section_id` int NOT NULL,
  `level_id` int NOT NULL,
  `visitor_type_id` int NOT NULL,
  `visitor_person_id` int DEFAULT NULL,
  `visit_date` date NOT NULL,
  `academic_year_id` int DEFAULT NULL,
  `visit_type` enum('full','partial') CHARACTER SET utf8mb4 COLLATE utf8mb4_unicode_ci NOT NULL DEFAULT 'full',
  `attendance_type` enum('physical','remote','hybrid') CHARACTER SET utf8mb4 COLLATE utf8mb4_unicode_ci NOT NULL DEFAULT 'physical',
  `has_lab` tinyint(1) NOT NULL DEFAULT '0',
  `general_notes` text CHARACTER SET utf8mb4 COLLATE utf8mb4_unicode_ci,
  `recommendation_notes` text CHARACTER SET utf8mb4 COLLATE utf8mb4_unicode_ci,
  `appreciation_notes` text CHARACTER SET utf8mb4 COLLATE utf8mb4_unicode_ci,
  `total_score` decimal(5,2) DEFAULT NULL,
  `created_at` timestamp NULL DEFAULT CURRENT_TIMESTAMP,
  `updated_at` timestamp NULL DEFAULT CURRENT_TIMESTAMP ON UPDATE CURRENT_TIMESTAMP
) ENGINE=InnoDB DEFAULT CHARSET=utf8mb4 COLLATE=utf8mb4_unicode_ci;

--
-- Dumping data for table `visits`
--

INSERT INTO `visits` (`id`, `school_id`, `teacher_id`, `subject_id`, `grade_id`, `section_id`, `level_id`, `visitor_type_id`, `visitor_person_id`, `visit_date`, `academic_year_id`, `visit_type`, `attendance_type`, `has_lab`, `general_notes`, `recommendation_notes`, `appreciation_notes`, `total_score`, `created_at`, `updated_at`) VALUES
(20, 1, 343, 3, 11, 7, 3, 18, 334, '2025-09-05', 2, 'full', 'physical', 0, '', 'بالاهتمام الزائد بالاسئلة للطلاب الضعاف', 'مجهودة و تركيزه و مهاراته ', 68.00, '2025-09-05 18:57:00', '2025-09-05 18:59:17'),
(21, 1, 343, 3, 11, 7, 3, 17, 335, '2025-09-03', 2, 'full', 'physical', 0, '', 'الاهتمام اكثر و اكثر', 'شكرا', 58.00, '2025-09-05 19:03:31', '2025-09-05 19:03:31'),
(22, 1, 343, 3, 11, 8, 3, 15, 339, '2025-08-31', 2, 'full', 'physical', 0, '', 'تطوير ', 'المجهود', 58.00, '2025-09-05 19:05:54', '2025-09-05 19:05:54'),
(23, 1, 343, 3, 11, 8, 3, 16, 417, '2025-09-07', 2, 'full', 'physical', 0, '', 'بالتريث', 'الثقة و المادة العلمية القوية', 65.00, '2025-09-05 20:09:23', '2025-09-05 20:09:23'),
(24, 1, 342, 3, 10, 14, 3, 16, 417, '2025-09-05', 2, 'full', 'physical', 0, '', 'يجب أن تراعي الأنشطة التدرج والتسلسل في تحقيق أهداف الدرس.\r\n\r\nيجب أن ترتبط أنشطة التمهيد بخبرات الطلبة الحياتية وتجاربهم السابقة.\r\n\r\nيجب تفعيل السبورة التفاعلية بما يخدم الموقف التعليمي.\r\n\r\nيجب أن يربط المعلّم بين محاور المادة ومهاراتها بصورة فاعلة.\r\n\r\nيجب تقديم أنشطة وتدريبات تراعي أنماط التعلم (سمعي، بصري، حركي...).\r\n\r\nيجب تقديم التعليمات اللازمة لإنجاز الطلبة للأعمال الكتابية بدقة ووضوح والتأكد من فهمها.\r\n\r\nيجب أن تكون القوانين الصفية ثابتة وواضحة ويعي الطلبة ما يترتب عليها من إجراءات في حالة المخالفة.\r\n\r\nيجب استخدام وسائل مختلفة لضمان الالتزام بالزمن المحدد للأنشطة (مثل المؤقت أو العد التنازلي ــ الخ ...).', '', 57.00, '2025-09-05 21:49:39', '2025-09-05 21:49:39'),
(25, 1, 346, 3, 10, 2, 3, 15, 339, '2025-09-05', 2, 'full', 'physical', 0, '', 'تمام', 'تمام التمام', 58.00, '2025-09-05 21:54:34', '2025-09-05 21:54:34'),
(26, 1, 345, 3, 12, 15, 3, 15, 339, '2025-09-05', 2, 'full', 'physical', 0, '', 'يجب أن يكون مكان الدرس جاهزا للتعليم والتعلم (نظافة – ترتيب ــ تهوية ــ إضاءة...).\r\n\r\nيجب توجيه الطلبة إلى مراعاة قواعد الأمن والسلامة في الصف والمختبر ومعامل الحاسب.\r\n\r\nيجب أن تكون طريقة جلوس الطلاب منظمة وتسهل التواصل والتعلم داخل الصف.\r\n\r\nيجب توجيه تعليمات واضحة ومحددة قبل بدء النشاط وأثناء تنفيذه.\r\n\r\nيجب متابعة استجابة الطلبة للتوجيهات وتنفيذها.\r\n\r\nيجب أن تكون القوانين الصفية ثابتة وواضحة ويعي الطلبة ما يترتب عليها من إجراءات في حالة المخالفة.\r\n\r\nيجب مراعاة الوقت الكافي والمخصص لكل مراحل الدرس (التهيئة ــ العرض –الغلق).', '', 16.00, '2025-09-05 21:55:43', '2025-09-05 21:55:43'),
(27, 1, 361, 4, 10, 1, 3, 17, 335, '2025-09-05', 2, 'full', 'physical', 0, '', 'بالاهتمام بالطالب الضعيف', 'على الجهد المبذول و التكنولوجيا الفاعلة', 60.00, '2025-09-05 22:42:07', '2025-09-05 22:42:07'),
(29, 1, 365, 6, 12, 15, 3, 15, 362, '2025-09-06', 2, 'full', 'physical', 1, '', '', '', 81.00, '2025-09-06 00:59:54', '2025-09-06 00:59:54');

-- --------------------------------------------------------

--
-- Table structure for table `visit_evaluations`
--

CREATE TABLE `visit_evaluations` (
  `id` int NOT NULL,
  `visit_id` int NOT NULL,
  `indicator_id` int NOT NULL,
  `score` decimal(5,2) DEFAULT NULL,
  `recommendation_id` int DEFAULT NULL,
  `custom_recommendation` text CHARACTER SET utf8mb4 COLLATE utf8mb4_unicode_ci,
  `created_at` timestamp NULL DEFAULT CURRENT_TIMESTAMP,
  `updated_at` timestamp NULL DEFAULT CURRENT_TIMESTAMP ON UPDATE CURRENT_TIMESTAMP
) ENGINE=InnoDB DEFAULT CHARSET=utf8mb4 COLLATE=utf8mb4_unicode_ci;

--
-- Dumping data for table `visit_evaluations`
--

INSERT INTO `visit_evaluations` (`id`, `visit_id`, `indicator_id`, `score`, `recommendation_id`, `custom_recommendation`, `created_at`, `updated_at`) VALUES
(497, 20, 1, 3.00, 239, '', '2025-09-05 18:57:00', '2025-09-05 18:57:00'),
(498, 20, 2, 3.00, 248, '', '2025-09-05 18:57:00', '2025-09-05 18:57:00'),
(499, 20, 3, 3.00, NULL, '', '2025-09-05 18:57:00', '2025-09-05 18:57:00'),
(500, 20, 4, 3.00, NULL, '', '2025-09-05 18:57:00', '2025-09-05 18:57:00'),
(501, 20, 5, 3.00, NULL, '', '2025-09-05 18:57:00', '2025-09-05 18:57:00'),
(502, 20, 6, 3.00, NULL, '', '2025-09-05 18:57:00', '2025-09-05 18:57:00'),
(503, 20, 7, 3.00, NULL, '', '2025-09-05 18:57:00', '2025-09-05 18:57:00'),
(504, 20, 8, 3.00, NULL, '', '2025-09-05 18:57:00', '2025-09-05 18:57:00'),
(505, 20, 9, 3.00, NULL, '', '2025-09-05 18:57:00', '2025-09-05 18:57:00'),
(506, 20, 10, 3.00, NULL, '', '2025-09-05 18:57:00', '2025-09-05 18:57:00'),
(507, 20, 11, 3.00, NULL, '', '2025-09-05 18:57:00', '2025-09-05 18:57:00'),
(508, 20, 12, 3.00, NULL, '', '2025-09-05 18:57:00', '2025-09-05 18:57:00'),
(509, 20, 13, 3.00, NULL, '', '2025-09-05 18:57:00', '2025-09-05 18:57:00'),
(510, 20, 14, 3.00, NULL, '', '2025-09-05 18:57:00', '2025-09-05 18:57:00'),
(511, 20, 15, 3.00, NULL, '', '2025-09-05 18:57:00', '2025-09-05 18:57:00'),
(512, 20, 16, 3.00, NULL, '', '2025-09-05 18:57:00', '2025-09-05 18:57:00'),
(513, 20, 17, 3.00, NULL, '', '2025-09-05 18:57:00', '2025-09-05 18:57:00'),
(514, 20, 18, 3.00, NULL, '', '2025-09-05 18:57:00', '2025-09-05 18:57:00'),
(515, 20, 19, 3.00, NULL, '', '2025-09-05 18:57:00', '2025-09-05 18:57:00'),
(516, 20, 20, 3.00, NULL, '', '2025-09-05 18:57:00', '2025-09-05 18:57:00'),
(517, 20, 21, 2.00, NULL, '', '2025-09-05 18:57:00', '2025-09-05 18:57:00'),
(518, 20, 22, 3.00, 344, '', '2025-09-05 18:57:00', '2025-09-05 18:57:00'),
(519, 20, 23, 3.00, 348, '', '2025-09-05 18:57:00', '2025-09-05 18:57:00'),
(520, 20, 24, NULL, NULL, '', '2025-09-05 18:57:00', '2025-09-05 18:57:00'),
(521, 20, 25, NULL, NULL, '', '2025-09-05 18:57:00', '2025-09-05 18:57:00'),
(522, 20, 26, NULL, NULL, '', '2025-09-05 18:57:00', '2025-09-05 18:57:00'),
(523, 20, 27, NULL, NULL, '', '2025-09-05 18:57:00', '2025-09-05 18:57:00'),
(524, 20, 28, NULL, NULL, '', '2025-09-05 18:57:00', '2025-09-05 18:57:00'),
(525, 20, 29, NULL, NULL, '', '2025-09-05 18:57:00', '2025-09-05 18:57:00'),
(526, 21, 1, 3.00, NULL, '', '2025-09-05 19:03:31', '2025-09-05 19:03:31'),
(527, 21, 2, 3.00, NULL, '', '2025-09-05 19:03:31', '2025-09-05 19:03:31'),
(528, 21, 3, 3.00, 255, '', '2025-09-05 19:03:31', '2025-09-05 19:03:31'),
(529, 21, 4, 3.00, NULL, '', '2025-09-05 19:03:31', '2025-09-05 19:03:31'),
(530, 21, 5, 2.00, 265, '', '2025-09-05 19:03:31', '2025-09-05 19:03:31'),
(531, 21, 6, 2.00, 267, '', '2025-09-05 19:03:31', '2025-09-05 19:03:31'),
(532, 21, 7, 1.00, 271, '', '2025-09-05 19:03:31', '2025-09-05 19:03:31'),
(533, 21, 8, 3.00, NULL, '', '2025-09-05 19:03:31', '2025-09-05 19:03:31'),
(534, 21, 9, 3.00, NULL, '', '2025-09-05 19:03:31', '2025-09-05 19:03:31'),
(535, 21, 10, 3.00, NULL, '', '2025-09-05 19:03:31', '2025-09-05 19:03:31'),
(536, 21, 11, 3.00, NULL, '', '2025-09-05 19:03:31', '2025-09-05 19:03:31'),
(537, 21, 12, 2.00, NULL, '', '2025-09-05 19:03:31', '2025-09-05 19:03:31'),
(538, 21, 13, 3.00, NULL, '', '2025-09-05 19:03:31', '2025-09-05 19:03:31'),
(539, 21, 14, 3.00, NULL, '', '2025-09-05 19:03:31', '2025-09-05 19:03:31'),
(540, 21, 15, 3.00, NULL, '', '2025-09-05 19:03:31', '2025-09-05 19:03:31'),
(541, 21, 16, 3.00, NULL, '', '2025-09-05 19:03:31', '2025-09-05 19:03:31'),
(542, 21, 17, 3.00, NULL, '', '2025-09-05 19:03:31', '2025-09-05 19:03:31'),
(543, 21, 18, 3.00, NULL, '', '2025-09-05 19:03:31', '2025-09-05 19:03:31'),
(544, 21, 19, 2.00, 327, '', '2025-09-05 19:03:31', '2025-09-05 19:03:31'),
(545, 21, 20, 1.00, 335, '', '2025-09-05 19:03:31', '2025-09-05 19:03:31'),
(546, 21, 21, 0.00, 342, '', '2025-09-05 19:03:31', '2025-09-05 19:03:31'),
(547, 21, 21, 0.00, 343, '', '2025-09-05 19:03:31', '2025-09-05 19:03:31'),
(548, 21, 22, 3.00, NULL, '', '2025-09-05 19:03:31', '2025-09-05 19:03:31'),
(549, 21, 23, 3.00, NULL, '', '2025-09-05 19:03:31', '2025-09-05 19:03:31'),
(550, 21, 24, NULL, NULL, '', '2025-09-05 19:03:31', '2025-09-05 19:03:31'),
(551, 21, 25, NULL, NULL, '', '2025-09-05 19:03:31', '2025-09-05 19:03:31'),
(552, 21, 26, NULL, NULL, '', '2025-09-05 19:03:31', '2025-09-05 19:03:31'),
(553, 21, 27, NULL, NULL, '', '2025-09-05 19:03:31', '2025-09-05 19:03:31'),
(554, 21, 28, NULL, NULL, '', '2025-09-05 19:03:31', '2025-09-05 19:03:31'),
(555, 21, 29, NULL, NULL, '', '2025-09-05 19:03:31', '2025-09-05 19:03:31'),
(556, 22, 1, 3.00, NULL, '', '2025-09-05 19:05:54', '2025-09-05 19:05:54'),
(557, 22, 2, 3.00, NULL, '', '2025-09-05 19:05:54', '2025-09-05 19:05:54'),
(558, 22, 3, 2.00, 256, '', '2025-09-05 19:05:54', '2025-09-05 19:05:54'),
(559, 22, 4, 3.00, NULL, '', '2025-09-05 19:05:54', '2025-09-05 19:05:54'),
(560, 22, 5, 3.00, NULL, '', '2025-09-05 19:05:54', '2025-09-05 19:05:54'),
(561, 22, 6, 2.00, NULL, '', '2025-09-05 19:05:54', '2025-09-05 19:05:54'),
(562, 22, 7, 2.00, NULL, '', '2025-09-05 19:05:54', '2025-09-05 19:05:54'),
(563, 22, 8, 2.00, NULL, '', '2025-09-05 19:05:54', '2025-09-05 19:05:54'),
(564, 22, 9, 3.00, NULL, '', '2025-09-05 19:05:54', '2025-09-05 19:05:54'),
(565, 22, 10, 1.00, NULL, '', '2025-09-05 19:05:54', '2025-09-05 19:05:54'),
(566, 22, 11, 3.00, NULL, '', '2025-09-05 19:05:54', '2025-09-05 19:05:54'),
(567, 22, 12, 3.00, NULL, '', '2025-09-05 19:05:54', '2025-09-05 19:05:54'),
(568, 22, 13, 3.00, NULL, '', '2025-09-05 19:05:54', '2025-09-05 19:05:54'),
(569, 22, 14, 3.00, NULL, '', '2025-09-05 19:05:54', '2025-09-05 19:05:54'),
(570, 22, 15, 3.00, NULL, '', '2025-09-05 19:05:54', '2025-09-05 19:05:54'),
(571, 22, 16, 1.00, 314, '', '2025-09-05 19:05:54', '2025-09-05 19:05:54'),
(572, 22, 16, 1.00, 315, '', '2025-09-05 19:05:54', '2025-09-05 19:05:54'),
(573, 22, 17, 3.00, NULL, '', '2025-09-05 19:05:54', '2025-09-05 19:05:54'),
(574, 22, 18, 3.00, NULL, '', '2025-09-05 19:05:54', '2025-09-05 19:05:54'),
(575, 22, 19, 3.00, 330, '', '2025-09-05 19:05:54', '2025-09-05 19:05:54'),
(576, 22, 20, 3.00, NULL, '', '2025-09-05 19:05:54', '2025-09-05 19:05:54'),
(577, 22, 21, 3.00, NULL, '', '2025-09-05 19:05:54', '2025-09-05 19:05:54'),
(578, 22, 22, 2.00, NULL, '', '2025-09-05 19:05:54', '2025-09-05 19:05:54'),
(579, 22, 23, 1.00, NULL, '', '2025-09-05 19:05:54', '2025-09-05 19:05:54'),
(580, 22, 24, NULL, NULL, '', '2025-09-05 19:05:54', '2025-09-05 19:05:54'),
(581, 22, 25, NULL, NULL, '', '2025-09-05 19:05:54', '2025-09-05 19:05:54'),
(582, 22, 26, NULL, NULL, '', '2025-09-05 19:05:54', '2025-09-05 19:05:54'),
(583, 22, 27, NULL, NULL, '', '2025-09-05 19:05:54', '2025-09-05 19:05:54'),
(584, 22, 28, NULL, NULL, '', '2025-09-05 19:05:54', '2025-09-05 19:05:54'),
(585, 22, 29, NULL, NULL, '', '2025-09-05 19:05:54', '2025-09-05 19:05:54'),
(586, 23, 1, 3.00, 247, '', '2025-09-05 20:09:23', '2025-09-05 20:09:23'),
(587, 23, 2, 3.00, 249, '', '2025-09-05 20:09:23', '2025-09-05 20:09:23'),
(588, 23, 3, 3.00, 253, '', '2025-09-05 20:09:23', '2025-09-05 20:09:23'),
(589, 23, 4, 3.00, NULL, '', '2025-09-05 20:09:23', '2025-09-05 20:09:23'),
(590, 23, 5, 3.00, NULL, '', '2025-09-05 20:09:23', '2025-09-05 20:09:23'),
(591, 23, 6, 3.00, NULL, '', '2025-09-05 20:09:23', '2025-09-05 20:09:23'),
(592, 23, 7, 3.00, NULL, '', '2025-09-05 20:09:23', '2025-09-05 20:09:23'),
(593, 23, 8, 2.00, NULL, '', '2025-09-05 20:09:23', '2025-09-05 20:09:23'),
(594, 23, 9, 2.00, NULL, '', '2025-09-05 20:09:23', '2025-09-05 20:09:23'),
(595, 23, 10, 3.00, NULL, '', '2025-09-05 20:09:23', '2025-09-05 20:09:23'),
(596, 23, 11, 3.00, NULL, '', '2025-09-05 20:09:23', '2025-09-05 20:09:23'),
(597, 23, 12, 1.00, 298, '', '2025-09-05 20:09:23', '2025-09-05 20:09:23'),
(598, 23, 12, 1.00, 299, '', '2025-09-05 20:09:23', '2025-09-05 20:09:23'),
(599, 23, 13, 3.00, NULL, '', '2025-09-05 20:09:23', '2025-09-05 20:09:23'),
(600, 23, 14, 3.00, NULL, '', '2025-09-05 20:09:23', '2025-09-05 20:09:23'),
(601, 23, 15, 3.00, NULL, '', '2025-09-05 20:09:23', '2025-09-05 20:09:23'),
(602, 23, 16, 3.00, NULL, '', '2025-09-05 20:09:23', '2025-09-05 20:09:23'),
(603, 23, 17, 3.00, NULL, '', '2025-09-05 20:09:23', '2025-09-05 20:09:23'),
(604, 23, 18, 3.00, NULL, '', '2025-09-05 20:09:23', '2025-09-05 20:09:23'),
(605, 23, 19, 3.00, NULL, '', '2025-09-05 20:09:23', '2025-09-05 20:09:23'),
(606, 23, 20, 3.00, NULL, '', '2025-09-05 20:09:23', '2025-09-05 20:09:23'),
(607, 23, 21, 3.00, NULL, '', '2025-09-05 20:09:23', '2025-09-05 20:09:23'),
(608, 23, 22, 3.00, 344, '', '2025-09-05 20:09:23', '2025-09-05 20:09:23'),
(609, 23, 23, 3.00, 347, '', '2025-09-05 20:09:23', '2025-09-05 20:09:23'),
(610, 23, 24, NULL, NULL, '', '2025-09-05 20:09:23', '2025-09-05 20:09:23'),
(611, 23, 25, NULL, NULL, '', '2025-09-05 20:09:23', '2025-09-05 20:09:23'),
(612, 23, 26, NULL, NULL, '', '2025-09-05 20:09:23', '2025-09-05 20:09:23'),
(613, 23, 27, NULL, NULL, '', '2025-09-05 20:09:23', '2025-09-05 20:09:23'),
(614, 23, 28, NULL, NULL, '', '2025-09-05 20:09:23', '2025-09-05 20:09:23'),
(615, 23, 29, NULL, NULL, '', '2025-09-05 20:09:23', '2025-09-05 20:09:23'),
(616, 24, 1, 3.00, NULL, '', '2025-09-05 21:49:39', '2025-09-05 21:49:39'),
(617, 24, 2, 3.00, NULL, '', '2025-09-05 21:49:39', '2025-09-05 21:49:39'),
(618, 24, 3, 2.00, 253, '', '2025-09-05 21:49:39', '2025-09-05 21:49:39'),
(619, 24, 4, 3.00, NULL, '', '2025-09-05 21:49:39', '2025-09-05 21:49:39'),
(620, 24, 5, 3.00, 265, '', '2025-09-05 21:49:39', '2025-09-05 21:49:39'),
(621, 24, 6, 3.00, NULL, '', '2025-09-05 21:49:39', '2025-09-05 21:49:39'),
(622, 24, 7, 2.00, NULL, '', '2025-09-05 21:49:39', '2025-09-05 21:49:39'),
(623, 24, 8, 1.00, NULL, '', '2025-09-05 21:49:39', '2025-09-05 21:49:39'),
(624, 24, 9, 0.00, 282, '', '2025-09-05 21:49:39', '2025-09-05 21:49:39'),
(625, 24, 10, 3.00, NULL, '', '2025-09-05 21:49:39', '2025-09-05 21:49:39'),
(626, 24, 11, 3.00, NULL, '', '2025-09-05 21:49:39', '2025-09-05 21:49:39'),
(627, 24, 12, 3.00, NULL, '', '2025-09-05 21:49:39', '2025-09-05 21:49:39'),
(628, 24, 13, 3.00, NULL, '', '2025-09-05 21:49:39', '2025-09-05 21:49:39'),
(629, 24, 14, 2.00, 305, '', '2025-09-05 21:49:39', '2025-09-05 21:49:39'),
(630, 24, 15, 3.00, 309, '', '2025-09-05 21:49:39', '2025-09-05 21:49:39'),
(631, 24, 16, 3.00, NULL, '', '2025-09-05 21:49:39', '2025-09-05 21:49:39'),
(632, 24, 17, 2.00, NULL, '', '2025-09-05 21:49:39', '2025-09-05 21:49:39'),
(633, 24, 18, 3.00, NULL, '', '2025-09-05 21:49:39', '2025-09-05 21:49:39'),
(634, 24, 19, 3.00, 327, '', '2025-09-05 21:49:39', '2025-09-05 21:49:39'),
(635, 24, 20, 3.00, NULL, '', '2025-09-05 21:49:39', '2025-09-05 21:49:39'),
(636, 24, 21, 3.00, NULL, '', '2025-09-05 21:49:39', '2025-09-05 21:49:39'),
(637, 24, 22, 2.00, 344, '', '2025-09-05 21:49:39', '2025-09-05 21:49:39'),
(638, 24, 23, 1.00, 348, '', '2025-09-05 21:49:39', '2025-09-05 21:49:39'),
(639, 24, 24, NULL, NULL, '', '2025-09-05 21:49:39', '2025-09-05 21:49:39'),
(640, 24, 25, NULL, NULL, '', '2025-09-05 21:49:39', '2025-09-05 21:49:39'),
(641, 24, 26, NULL, NULL, '', '2025-09-05 21:49:39', '2025-09-05 21:49:39'),
(642, 24, 27, NULL, NULL, '', '2025-09-05 21:49:39', '2025-09-05 21:49:39'),
(643, 24, 28, NULL, NULL, '', '2025-09-05 21:49:39', '2025-09-05 21:49:39'),
(644, 24, 29, NULL, NULL, '', '2025-09-05 21:49:39', '2025-09-05 21:49:39'),
(645, 25, 1, 3.00, NULL, '', '2025-09-05 21:54:34', '2025-09-05 21:54:34'),
(646, 25, 2, 3.00, NULL, '', '2025-09-05 21:54:34', '2025-09-05 21:54:34'),
(647, 25, 3, 2.00, 255, '', '2025-09-05 21:54:34', '2025-09-05 21:54:34'),
(648, 25, 3, 2.00, 256, '', '2025-09-05 21:54:34', '2025-09-05 21:54:34'),
(649, 25, 4, 2.00, NULL, '', '2025-09-05 21:54:34', '2025-09-05 21:54:34'),
(650, 25, 5, 2.00, NULL, '', '2025-09-05 21:54:34', '2025-09-05 21:54:34'),
(651, 25, 6, 1.00, 266, '', '2025-09-05 21:54:34', '2025-09-05 21:54:34'),
(652, 25, 6, 1.00, 267, '', '2025-09-05 21:54:34', '2025-09-05 21:54:34'),
(653, 25, 7, 3.00, NULL, '', '2025-09-05 21:54:34', '2025-09-05 21:54:34'),
(654, 25, 8, 3.00, NULL, '', '2025-09-05 21:54:34', '2025-09-05 21:54:34'),
(655, 25, 9, 3.00, NULL, '', '2025-09-05 21:54:34', '2025-09-05 21:54:34'),
(656, 25, 10, 3.00, 284, '', '2025-09-05 21:54:34', '2025-09-05 21:54:34'),
(657, 25, 11, 3.00, 289, '', '2025-09-05 21:54:34', '2025-09-05 21:54:34'),
(658, 25, 12, 3.00, 298, '', '2025-09-05 21:54:34', '2025-09-05 21:54:34'),
(659, 25, 13, 3.00, 304, '', '2025-09-05 21:54:34', '2025-09-05 21:54:34'),
(660, 25, 14, 3.00, 305, '', '2025-09-05 21:54:34', '2025-09-05 21:54:34'),
(661, 25, 15, 3.00, 308, '', '2025-09-05 21:54:34', '2025-09-05 21:54:34'),
(662, 25, 16, 3.00, 314, '', '2025-09-05 21:54:34', '2025-09-05 21:54:34'),
(663, 25, 17, 2.00, NULL, '', '2025-09-05 21:54:34', '2025-09-05 21:54:34'),
(664, 25, 18, 3.00, 325, '', '2025-09-05 21:54:34', '2025-09-05 21:54:34'),
(665, 25, 19, 3.00, 327, '', '2025-09-05 21:54:34', '2025-09-05 21:54:34'),
(666, 25, 20, 3.00, NULL, '', '2025-09-05 21:54:34', '2025-09-05 21:54:34'),
(667, 25, 21, 3.00, NULL, '', '2025-09-05 21:54:34', '2025-09-05 21:54:34'),
(668, 25, 22, 1.00, 344, '', '2025-09-05 21:54:34', '2025-09-05 21:54:34'),
(669, 25, 22, 1.00, 345, '', '2025-09-05 21:54:34', '2025-09-05 21:54:34'),
(670, 25, 23, 0.00, 347, 'كده غلط', '2025-09-05 21:54:34', '2025-09-05 21:54:34'),
(671, 25, 23, 0.00, 348, 'كده غلط', '2025-09-05 21:54:34', '2025-09-05 21:54:34'),
(672, 25, 24, NULL, NULL, '', '2025-09-05 21:54:34', '2025-09-05 21:54:34'),
(673, 25, 25, NULL, NULL, '', '2025-09-05 21:54:34', '2025-09-05 21:54:34'),
(674, 25, 26, NULL, NULL, '', '2025-09-05 21:54:34', '2025-09-05 21:54:34'),
(675, 25, 27, NULL, NULL, '', '2025-09-05 21:54:34', '2025-09-05 21:54:34'),
(676, 25, 28, NULL, NULL, '', '2025-09-05 21:54:34', '2025-09-05 21:54:34'),
(677, 25, 29, NULL, NULL, '', '2025-09-05 21:54:34', '2025-09-05 21:54:34'),
(678, 26, 1, 3.00, NULL, '', '2025-09-05 21:55:43', '2025-09-05 21:55:43'),
(679, 26, 2, 3.00, NULL, '', '2025-09-05 21:55:43', '2025-09-05 21:55:43'),
(680, 26, 3, 3.00, NULL, '', '2025-09-05 21:55:43', '2025-09-05 21:55:43'),
(681, 26, 4, NULL, NULL, '', '2025-09-05 21:55:43', '2025-09-05 21:55:43'),
(682, 26, 5, NULL, NULL, '', '2025-09-05 21:55:43', '2025-09-05 21:55:43'),
(683, 26, 6, NULL, NULL, '', '2025-09-05 21:55:43', '2025-09-05 21:55:43'),
(684, 26, 7, NULL, NULL, '', '2025-09-05 21:55:43', '2025-09-05 21:55:43'),
(685, 26, 8, NULL, NULL, '', '2025-09-05 21:55:43', '2025-09-05 21:55:43'),
(686, 26, 9, NULL, NULL, '', '2025-09-05 21:55:43', '2025-09-05 21:55:43'),
(687, 26, 10, NULL, NULL, '', '2025-09-05 21:55:43', '2025-09-05 21:55:43'),
(688, 26, 11, NULL, NULL, '', '2025-09-05 21:55:43', '2025-09-05 21:55:43'),
(689, 26, 12, NULL, NULL, '', '2025-09-05 21:55:43', '2025-09-05 21:55:43'),
(690, 26, 13, NULL, NULL, '', '2025-09-05 21:55:43', '2025-09-05 21:55:43'),
(691, 26, 14, NULL, NULL, '', '2025-09-05 21:55:43', '2025-09-05 21:55:43'),
(692, 26, 15, NULL, NULL, '', '2025-09-05 21:55:43', '2025-09-05 21:55:43'),
(693, 26, 16, NULL, NULL, '', '2025-09-05 21:55:43', '2025-09-05 21:55:43'),
(694, 26, 17, NULL, NULL, '', '2025-09-05 21:55:43', '2025-09-05 21:55:43'),
(695, 26, 18, NULL, NULL, '', '2025-09-05 21:55:43', '2025-09-05 21:55:43'),
(696, 26, 19, NULL, NULL, '', '2025-09-05 21:55:43', '2025-09-05 21:55:43'),
(697, 26, 20, 3.00, 331, '', '2025-09-05 21:55:43', '2025-09-05 21:55:43'),
(698, 26, 20, 3.00, 332, '', '2025-09-05 21:55:43', '2025-09-05 21:55:43'),
(699, 26, 20, 3.00, 333, '', '2025-09-05 21:55:43', '2025-09-05 21:55:43'),
(700, 26, 21, 3.00, 340, '', '2025-09-05 21:55:43', '2025-09-05 21:55:43'),
(701, 26, 21, 3.00, 341, '', '2025-09-05 21:55:43', '2025-09-05 21:55:43'),
(702, 26, 22, 1.00, 344, '', '2025-09-05 21:55:43', '2025-09-05 21:55:43'),
(703, 26, 23, 0.00, 347, '', '2025-09-05 21:55:43', '2025-09-05 21:55:43'),
(704, 26, 24, NULL, NULL, '', '2025-09-05 21:55:43', '2025-09-05 21:55:43'),
(705, 26, 25, NULL, NULL, '', '2025-09-05 21:55:43', '2025-09-05 21:55:43'),
(706, 26, 26, NULL, NULL, '', '2025-09-05 21:55:43', '2025-09-05 21:55:43'),
(707, 26, 27, NULL, NULL, '', '2025-09-05 21:55:43', '2025-09-05 21:55:43'),
(708, 26, 28, NULL, NULL, '', '2025-09-05 21:55:43', '2025-09-05 21:55:43'),
(709, 26, 29, NULL, NULL, '', '2025-09-05 21:55:43', '2025-09-05 21:55:43'),
(710, 27, 1, 3.00, 245, '', '2025-09-05 22:42:07', '2025-09-05 22:42:07'),
(711, 27, 2, 3.00, NULL, '', '2025-09-05 22:42:07', '2025-09-05 22:42:07'),
(712, 27, 3, 2.00, 253, '', '2025-09-05 22:42:07', '2025-09-05 22:42:07'),
(713, 27, 3, 2.00, 254, '', '2025-09-05 22:42:07', '2025-09-05 22:42:07'),
(714, 27, 4, 3.00, 260, '', '2025-09-05 22:42:07', '2025-09-05 22:42:07'),
(715, 27, 5, 3.00, 264, '', '2025-09-05 22:42:07', '2025-09-05 22:42:07'),
(716, 27, 6, 3.00, NULL, '', '2025-09-05 22:42:07', '2025-09-05 22:42:07'),
(717, 27, 7, 1.00, 271, '', '2025-09-05 22:42:07', '2025-09-05 22:42:07'),
(718, 27, 7, 1.00, 272, '', '2025-09-05 22:42:07', '2025-09-05 22:42:07'),
(719, 27, 8, 0.00, 274, '', '2025-09-05 22:42:07', '2025-09-05 22:42:07'),
(720, 27, 8, 0.00, 275, '', '2025-09-05 22:42:07', '2025-09-05 22:42:07'),
(721, 27, 9, 3.00, NULL, '', '2025-09-05 22:42:07', '2025-09-05 22:42:07'),
(722, 27, 10, 3.00, NULL, '', '2025-09-05 22:42:07', '2025-09-05 22:42:07'),
(723, 27, 11, 3.00, NULL, '', '2025-09-05 22:42:07', '2025-09-05 22:42:07'),
(724, 27, 12, 3.00, 297, '', '2025-09-05 22:42:07', '2025-09-05 22:42:07'),
(725, 27, 12, 3.00, 298, '', '2025-09-05 22:42:07', '2025-09-05 22:42:07'),
(726, 27, 13, 3.00, NULL, '', '2025-09-05 22:42:07', '2025-09-05 22:42:07'),
(727, 27, 14, 3.00, NULL, '', '2025-09-05 22:42:07', '2025-09-05 22:42:07'),
(728, 27, 15, 3.00, NULL, '', '2025-09-05 22:42:07', '2025-09-05 22:42:07'),
(729, 27, 16, 3.00, 315, '', '2025-09-05 22:42:07', '2025-09-05 22:42:07'),
(730, 27, 17, 3.00, 321, '', '2025-09-05 22:42:07', '2025-09-05 22:42:07'),
(731, 27, 18, 3.00, 326, '', '2025-09-05 22:42:07', '2025-09-05 22:42:07'),
(732, 27, 19, 3.00, 329, '', '2025-09-05 22:42:07', '2025-09-05 22:42:07'),
(733, 27, 20, 3.00, NULL, '', '2025-09-05 22:42:07', '2025-09-05 22:42:07'),
(734, 27, 21, 1.00, 340, '', '2025-09-05 22:42:07', '2025-09-05 22:42:07'),
(735, 27, 21, 1.00, 341, '', '2025-09-05 22:42:07', '2025-09-05 22:42:07'),
(736, 27, 22, 3.00, 344, '', '2025-09-05 22:42:07', '2025-09-05 22:42:07'),
(737, 27, 23, 2.00, 347, '', '2025-09-05 22:42:07', '2025-09-05 22:42:07'),
(738, 27, 24, NULL, NULL, '', '2025-09-05 22:42:07', '2025-09-05 22:42:07'),
(739, 27, 25, NULL, NULL, '', '2025-09-05 22:42:07', '2025-09-05 22:42:07'),
(740, 27, 26, NULL, NULL, '', '2025-09-05 22:42:07', '2025-09-05 22:42:07'),
(741, 27, 27, NULL, NULL, '', '2025-09-05 22:42:07', '2025-09-05 22:42:07'),
(742, 27, 28, NULL, NULL, '', '2025-09-05 22:42:07', '2025-09-05 22:42:07'),
(743, 27, 29, NULL, NULL, '', '2025-09-05 22:42:07', '2025-09-05 22:42:07'),
(775, 29, 1, 3.00, NULL, '', '2025-09-06 00:59:54', '2025-09-06 00:59:54'),
(776, 29, 2, 3.00, NULL, '', '2025-09-06 00:59:54', '2025-09-06 00:59:54'),
(777, 29, 3, 3.00, NULL, '', '2025-09-06 00:59:54', '2025-09-06 00:59:54'),
(778, 29, 4, 3.00, NULL, '', '2025-09-06 00:59:54', '2025-09-06 00:59:54'),
(779, 29, 5, 3.00, NULL, '', '2025-09-06 00:59:54', '2025-09-06 00:59:54'),
(780, 29, 6, 3.00, NULL, '', '2025-09-06 00:59:54', '2025-09-06 00:59:54'),
(781, 29, 7, 3.00, NULL, '', '2025-09-06 00:59:54', '2025-09-06 00:59:54'),
(782, 29, 8, 3.00, NULL, '', '2025-09-06 00:59:54', '2025-09-06 00:59:54'),
(783, 29, 9, 3.00, NULL, '', '2025-09-06 00:59:54', '2025-09-06 00:59:54'),
(784, 29, 10, 3.00, NULL, '', '2025-09-06 00:59:54', '2025-09-06 00:59:54'),
(785, 29, 11, 3.00, NULL, '', '2025-09-06 00:59:54', '2025-09-06 00:59:54'),
(786, 29, 12, 3.00, NULL, '', '2025-09-06 00:59:54', '2025-09-06 00:59:54'),
(787, 29, 13, 3.00, NULL, '', '2025-09-06 00:59:54', '2025-09-06 00:59:54'),
(788, 29, 14, 3.00, NULL, '', '2025-09-06 00:59:54', '2025-09-06 00:59:54'),
(789, 29, 15, 3.00, NULL, '', '2025-09-06 00:59:54', '2025-09-06 00:59:54'),
(790, 29, 16, 3.00, NULL, '', '2025-09-06 00:59:54', '2025-09-06 00:59:54'),
(791, 29, 17, 3.00, NULL, '', '2025-09-06 00:59:54', '2025-09-06 00:59:54'),
(792, 29, 18, 3.00, NULL, '', '2025-09-06 00:59:54', '2025-09-06 00:59:54'),
(793, 29, 19, 3.00, NULL, '', '2025-09-06 00:59:54', '2025-09-06 00:59:54'),
(794, 29, 20, 3.00, NULL, '', '2025-09-06 00:59:54', '2025-09-06 00:59:54'),
(795, 29, 21, 3.00, NULL, '', '2025-09-06 00:59:54', '2025-09-06 00:59:54'),
(796, 29, 22, 0.00, NULL, '', '2025-09-06 00:59:54', '2025-09-06 00:59:54'),
(797, 29, 23, 0.00, NULL, '', '2025-09-06 00:59:54', '2025-09-06 00:59:54'),
(798, 29, 24, 3.00, NULL, '', '2025-09-06 00:59:54', '2025-09-06 00:59:54'),
(799, 29, 25, 3.00, NULL, '', '2025-09-06 00:59:54', '2025-09-06 00:59:54'),
(800, 29, 26, 3.00, NULL, '', '2025-09-06 00:59:54', '2025-09-06 00:59:54'),
(801, 29, 27, 3.00, NULL, '', '2025-09-06 00:59:54', '2025-09-06 00:59:54'),
(802, 29, 28, 3.00, NULL, '', '2025-09-06 00:59:54', '2025-09-06 00:59:54'),
(803, 29, 29, 3.00, NULL, '', '2025-09-06 00:59:54', '2025-09-06 00:59:54');

-- --------------------------------------------------------

--
-- Structure for view `roles`
--
DROP TABLE IF EXISTS `roles`;

CREATE ALGORITHM=UNDEFINED SQL SECURITY DEFINER VIEW `roles`  AS SELECT `user_roles`.`id` AS `id`, `user_roles`.`name` AS `name`, `user_roles`.`display_name` AS `display_name`, `user_roles`.`description` AS `description`, `user_roles`.`permissions` AS `permissions`, `user_roles`.`created_at` AS `created_at`, `user_roles`.`updated_at` AS `updated_at` FROM `user_roles` ;

--
-- Indexes for dumped tables
--

--
-- Indexes for table `academic_years`
--
ALTER TABLE `academic_years`
  ADD PRIMARY KEY (`id`);

--
-- Indexes for table `coordinator_supervisors`
--
ALTER TABLE `coordinator_supervisors`
  ADD PRIMARY KEY (`id`),
  ADD UNIQUE KEY `user_subject_unique` (`user_id`,`subject_id`),
  ADD KEY `subject_id` (`subject_id`),
  ADD KEY `school_id` (`school_id`);

--
-- Indexes for table `educational_levels`
--
ALTER TABLE `educational_levels`
  ADD PRIMARY KEY (`id`);

--
-- Indexes for table `evaluation_domains`
--
ALTER TABLE `evaluation_domains`
  ADD PRIMARY KEY (`id`),
  ADD KEY `sort_order` (`sort_order`);

--
-- Indexes for table `evaluation_indicators`
--
ALTER TABLE `evaluation_indicators`
  ADD PRIMARY KEY (`id`),
  ADD KEY `domain_id` (`domain_id`),
  ADD KEY `sort_order` (`sort_order`);

--
-- Indexes for table `grades`
--
ALTER TABLE `grades`
  ADD PRIMARY KEY (`id`),
  ADD KEY `level_id` (`level_id`);

--
-- Indexes for table `recommendations`
--
ALTER TABLE `recommendations`
  ADD PRIMARY KEY (`id`),
  ADD UNIQUE KEY `unique_recommendation` (`indicator_id`,`text`(255)),
  ADD KEY `indicator_id` (`indicator_id`);

--
-- Indexes for table `schools`
--
ALTER TABLE `schools`
  ADD PRIMARY KEY (`id`);

--
-- Indexes for table `sections`
--
ALTER TABLE `sections`
  ADD PRIMARY KEY (`id`),
  ADD KEY `grade_id` (`grade_id`),
  ADD KEY `school_id` (`school_id`);

--
-- Indexes for table `subjects`
--
ALTER TABLE `subjects`
  ADD PRIMARY KEY (`id`),
  ADD KEY `subjects_created_by_foreign` (`created_by`),
  ADD KEY `subjects_updated_by_foreign` (`updated_by`),
  ADD KEY `subjects_school_id_foreign` (`school_id`);

--
-- Indexes for table `system_settings`
--
ALTER TABLE `system_settings`
  ADD PRIMARY KEY (`id`),
  ADD UNIQUE KEY `setting_key` (`setting_key`);

--
-- Indexes for table `teachers`
--
ALTER TABLE `teachers`
  ADD PRIMARY KEY (`id`),
  ADD KEY `school_id` (`school_id`);

--
-- Indexes for table `teacher_subjects`
--
ALTER TABLE `teacher_subjects`
  ADD PRIMARY KEY (`id`),
  ADD KEY `teacher_id` (`teacher_id`),
  ADD KEY `subject_id` (`subject_id`);

--
-- Indexes for table `users`
--
ALTER TABLE `users`
  ADD PRIMARY KEY (`id`),
  ADD UNIQUE KEY `username` (`username`),
  ADD UNIQUE KEY `email` (`email`),
  ADD KEY `role_id` (`role_id`),
  ADD KEY `school_id` (`school_id`);

--
-- Indexes for table `user_activity_log`
--
ALTER TABLE `user_activity_log`
  ADD PRIMARY KEY (`id`),
  ADD KEY `user_id` (`user_id`),
  ADD KEY `action` (`action`),
  ADD KEY `created_at` (`created_at`);

--
-- Indexes for table `user_roles`
--
ALTER TABLE `user_roles`
  ADD PRIMARY KEY (`id`),
  ADD UNIQUE KEY `name` (`name`);

--
-- Indexes for table `user_sessions`
--
ALTER TABLE `user_sessions`
  ADD PRIMARY KEY (`id`),
  ADD UNIQUE KEY `session_id` (`session_id`),
  ADD KEY `user_id` (`user_id`),
  ADD KEY `last_activity` (`last_activity`);

--
-- Indexes for table `visitor_types`
--
ALTER TABLE `visitor_types`
  ADD PRIMARY KEY (`id`);

--
-- Indexes for table `visits`
--
ALTER TABLE `visits`
  ADD PRIMARY KEY (`id`),
  ADD KEY `school_id` (`school_id`),
  ADD KEY `teacher_id` (`teacher_id`),
  ADD KEY `subject_id` (`subject_id`),
  ADD KEY `visitor_type_id` (`visitor_type_id`),
  ADD KEY `grade_id` (`grade_id`),
  ADD KEY `section_id` (`section_id`),
  ADD KEY `level_id` (`level_id`),
  ADD KEY `visitor_person_id` (`visitor_person_id`),
  ADD KEY `visits_academic_year_id_foreign` (`academic_year_id`);

--
-- Indexes for table `visit_evaluations`
--
ALTER TABLE `visit_evaluations`
  ADD PRIMARY KEY (`id`),
  ADD KEY `visit_id` (`visit_id`),
  ADD KEY `indicator_id` (`indicator_id`),
  ADD KEY `recommendation_id` (`recommendation_id`);

--
-- AUTO_INCREMENT for dumped tables
--

--
-- AUTO_INCREMENT for table `academic_years`
--
ALTER TABLE `academic_years`
  MODIFY `id` int NOT NULL AUTO_INCREMENT, AUTO_INCREMENT=3;

--
-- AUTO_INCREMENT for table `coordinator_supervisors`
--
ALTER TABLE `coordinator_supervisors`
  MODIFY `id` int NOT NULL AUTO_INCREMENT, AUTO_INCREMENT=31;

--
-- AUTO_INCREMENT for table `educational_levels`
--
ALTER TABLE `educational_levels`
  MODIFY `id` int NOT NULL AUTO_INCREMENT, AUTO_INCREMENT=4;

--
-- AUTO_INCREMENT for table `evaluation_domains`
--
ALTER TABLE `evaluation_domains`
  MODIFY `id` int NOT NULL AUTO_INCREMENT, AUTO_INCREMENT=6;

--
-- AUTO_INCREMENT for table `evaluation_indicators`
--
ALTER TABLE `evaluation_indicators`
  MODIFY `id` int NOT NULL AUTO_INCREMENT, AUTO_INCREMENT=44;

--
-- AUTO_INCREMENT for table `grades`
--
ALTER TABLE `grades`
  MODIFY `id` int NOT NULL AUTO_INCREMENT, AUTO_INCREMENT=13;

--
-- AUTO_INCREMENT for table `recommendations`
--
ALTER TABLE `recommendations`
  MODIFY `id` int NOT NULL AUTO_INCREMENT, AUTO_INCREMENT=615;

--
-- AUTO_INCREMENT for table `schools`
--
ALTER TABLE `schools`
  MODIFY `id` int NOT NULL AUTO_INCREMENT, AUTO_INCREMENT=2;

--
-- AUTO_INCREMENT for table `sections`
--
ALTER TABLE `sections`
  MODIFY `id` int NOT NULL AUTO_INCREMENT, AUTO_INCREMENT=22;

--
-- AUTO_INCREMENT for table `subjects`
--
ALTER TABLE `subjects`
  MODIFY `id` int NOT NULL AUTO_INCREMENT, AUTO_INCREMENT=20;

--
-- AUTO_INCREMENT for table `system_settings`
--
ALTER TABLE `system_settings`
  MODIFY `id` int NOT NULL AUTO_INCREMENT, AUTO_INCREMENT=13;

--
-- AUTO_INCREMENT for table `teachers`
--
ALTER TABLE `teachers`
  MODIFY `id` int NOT NULL AUTO_INCREMENT, AUTO_INCREMENT=424;

--
-- AUTO_INCREMENT for table `teacher_subjects`
--
ALTER TABLE `teacher_subjects`
  MODIFY `id` int NOT NULL AUTO_INCREMENT, AUTO_INCREMENT=297;

--
-- AUTO_INCREMENT for table `users`
--
ALTER TABLE `users`
  MODIFY `id` int NOT NULL AUTO_INCREMENT, AUTO_INCREMENT=325;

--
-- AUTO_INCREMENT for table `user_activity_log`
--
ALTER TABLE `user_activity_log`
  MODIFY `id` int NOT NULL AUTO_INCREMENT, AUTO_INCREMENT=56;

--
-- AUTO_INCREMENT for table `user_roles`
--
ALTER TABLE `user_roles`
  MODIFY `id` int NOT NULL AUTO_INCREMENT, AUTO_INCREMENT=7;

--
-- AUTO_INCREMENT for table `user_sessions`
--
ALTER TABLE `user_sessions`
  MODIFY `id` int NOT NULL AUTO_INCREMENT;

--
-- AUTO_INCREMENT for table `visitor_types`
--
ALTER TABLE `visitor_types`
  MODIFY `id` int NOT NULL AUTO_INCREMENT, AUTO_INCREMENT=20;

--
-- AUTO_INCREMENT for table `visits`
--
ALTER TABLE `visits`
  MODIFY `id` int NOT NULL AUTO_INCREMENT, AUTO_INCREMENT=30;

--
-- AUTO_INCREMENT for table `visit_evaluations`
--
ALTER TABLE `visit_evaluations`
  MODIFY `id` int NOT NULL AUTO_INCREMENT, AUTO_INCREMENT=804;

--
-- Constraints for dumped tables
--

--
-- Constraints for table `coordinator_supervisors`
--
ALTER TABLE `coordinator_supervisors`
  ADD CONSTRAINT `coord_sup_school_fk` FOREIGN KEY (`school_id`) REFERENCES `schools` (`id`) ON DELETE SET NULL,
  ADD CONSTRAINT `coord_sup_subject_fk` FOREIGN KEY (`subject_id`) REFERENCES `subjects` (`id`) ON DELETE CASCADE,
  ADD CONSTRAINT `coord_sup_user_fk` FOREIGN KEY (`user_id`) REFERENCES `users` (`id`) ON DELETE CASCADE;

--
-- Constraints for table `evaluation_indicators`
--
ALTER TABLE `evaluation_indicators`
  ADD CONSTRAINT `evaluation_indicators_ibfk_1` FOREIGN KEY (`domain_id`) REFERENCES `evaluation_domains` (`id`) ON DELETE CASCADE;

--
-- Constraints for table `recommendations`
--
ALTER TABLE `recommendations`
  ADD CONSTRAINT `recommendations_ibfk_1` FOREIGN KEY (`indicator_id`) REFERENCES `evaluation_indicators` (`id`) ON DELETE CASCADE;

--
-- Constraints for table `sections`
--
ALTER TABLE `sections`
  ADD CONSTRAINT `sections_grade_id_foreign` FOREIGN KEY (`grade_id`) REFERENCES `grades` (`id`),
  ADD CONSTRAINT `sections_school_id_foreign` FOREIGN KEY (`school_id`) REFERENCES `schools` (`id`);

--
-- Constraints for table `subjects`
--
ALTER TABLE `subjects`
  ADD CONSTRAINT `subjects_created_by_foreign` FOREIGN KEY (`created_by`) REFERENCES `teachers` (`id`) ON DELETE SET NULL,
  ADD CONSTRAINT `subjects_school_id_foreign` FOREIGN KEY (`school_id`) REFERENCES `schools` (`id`) ON DELETE CASCADE,
  ADD CONSTRAINT `subjects_updated_by_foreign` FOREIGN KEY (`updated_by`) REFERENCES `teachers` (`id`) ON DELETE SET NULL;

--
-- Constraints for table `teachers`
--
ALTER TABLE `teachers`
  ADD CONSTRAINT `teachers_school_id_foreign` FOREIGN KEY (`school_id`) REFERENCES `schools` (`id`);

--
-- Constraints for table `teacher_subjects`
--
ALTER TABLE `teacher_subjects`
  ADD CONSTRAINT `teacher_subjects_subject_id_foreign` FOREIGN KEY (`subject_id`) REFERENCES `subjects` (`id`) ON DELETE CASCADE,
  ADD CONSTRAINT `teacher_subjects_teacher_id_foreign` FOREIGN KEY (`teacher_id`) REFERENCES `teachers` (`id`) ON DELETE CASCADE;

--
-- Constraints for table `users`
--
ALTER TABLE `users`
  ADD CONSTRAINT `users_role_fk` FOREIGN KEY (`role_id`) REFERENCES `user_roles` (`id`),
  ADD CONSTRAINT `users_school_fk` FOREIGN KEY (`school_id`) REFERENCES `schools` (`id`);

--
-- Constraints for table `user_activity_log`
--
ALTER TABLE `user_activity_log`
  ADD CONSTRAINT `activity_user_fk` FOREIGN KEY (`user_id`) REFERENCES `users` (`id`) ON DELETE SET NULL;

--
-- Constraints for table `user_sessions`
--
ALTER TABLE `user_sessions`
  ADD CONSTRAINT `sessions_user_fk` FOREIGN KEY (`user_id`) REFERENCES `users` (`id`) ON DELETE CASCADE;

--
-- Constraints for table `visits`
--
ALTER TABLE `visits`
  ADD CONSTRAINT `visits_academic_year_id_foreign` FOREIGN KEY (`academic_year_id`) REFERENCES `academic_years` (`id`) ON DELETE RESTRICT,
  ADD CONSTRAINT `visits_ibfk_1` FOREIGN KEY (`school_id`) REFERENCES `schools` (`id`) ON DELETE CASCADE,
  ADD CONSTRAINT `visits_ibfk_2` FOREIGN KEY (`teacher_id`) REFERENCES `teachers` (`id`) ON DELETE CASCADE,
  ADD CONSTRAINT `visits_ibfk_3` FOREIGN KEY (`subject_id`) REFERENCES `subjects` (`id`) ON DELETE CASCADE,
  ADD CONSTRAINT `visits_ibfk_4` FOREIGN KEY (`visitor_type_id`) REFERENCES `visitor_types` (`id`) ON DELETE CASCADE,
  ADD CONSTRAINT `visits_ibfk_5` FOREIGN KEY (`grade_id`) REFERENCES `grades` (`id`) ON DELETE CASCADE,
  ADD CONSTRAINT `visits_ibfk_6` FOREIGN KEY (`section_id`) REFERENCES `sections` (`id`) ON DELETE CASCADE,
  ADD CONSTRAINT `visits_ibfk_7` FOREIGN KEY (`level_id`) REFERENCES `educational_levels` (`id`) ON DELETE CASCADE,
  ADD CONSTRAINT `visits_ibfk_8` FOREIGN KEY (`visitor_person_id`) REFERENCES `teachers` (`id`) ON DELETE SET NULL;

--
-- Constraints for table `visit_evaluations`
--
ALTER TABLE `visit_evaluations`
  ADD CONSTRAINT `visit_evaluations_ibfk_1` FOREIGN KEY (`visit_id`) REFERENCES `visits` (`id`) ON DELETE CASCADE,
  ADD CONSTRAINT `visit_evaluations_ibfk_2` FOREIGN KEY (`indicator_id`) REFERENCES `evaluation_indicators` (`id`) ON DELETE CASCADE,
  ADD CONSTRAINT `visit_evaluations_ibfk_3` FOREIGN KEY (`recommendation_id`) REFERENCES `recommendations` (`id`) ON DELETE SET NULL;
COMMIT;

/*!40101 SET CHARACTER_SET_CLIENT=@OLD_CHARACTER_SET_CLIENT */;
/*!40101 SET CHARACTER_SET_RESULTS=@OLD_CHARACTER_SET_RESULTS */;
/*!40101 SET COLLATION_CONNECTION=@OLD_COLLATION_CONNECTION */;
