-- بيانات تجريبية لنظام الزيارات الصفية

-- حذف البيانات الموجودة
SET FOREIGN_KEY_CHECKS = 0;
TRUNCATE TABLE visit_evaluations;
TRUNCATE TABLE visits;
TRUNCATE TABLE teacher_subjects;
TRUNCATE TABLE teachers;
TRUNCATE TABLE sections;
TRUNCATE TABLE subjects;
TRUNCATE TABLE grades;
TRUNCATE TABLE schools;
TRUNCATE TABLE educational_levels;
TRUNCATE TABLE academic_years;
TRUNCATE TABLE visitor_types;
TRUNCATE TABLE evaluation_domains;
TRUNCATE TABLE evaluation_indicators;
TRUNCATE TABLE recommendations;
SET FOREIGN_KEY_CHECKS = 1;

-- إضافة مجالات التقييم
INSERT INTO evaluation_domains (name, description, weight) VALUES
('التخطيط', 'تقييم جودة التخطيط للدرس وإعداده', 100),
('المحتوى والأساليب', 'تقييم المحتوى التعليمي وأساليب التدريس', 100),
('بيئة التعلم', 'تقييم البيئة الصفية وإدارتها', 100),
('التقويم', 'تقييم أساليب التقويم والتغذية الراجعة', 100),
('المهارات العملية', 'تقييم المهارات العملية والتطبيقية', 100);

-- إضافة مؤشرات التقييم
INSERT INTO evaluation_indicators (domain_id, name, description, weight) VALUES
-- مجال التخطيط
(1, 'خطة الدرس متوفرة وبنودها مستكملة ومناسبة', 'تقييم مدى اكتمال وجودة خطة الدرس', 100),
(1, 'أهداف التعلم مناسبة ودقيقة الصياغة وقابلة للقياس', 'تقييم جودة صياغة الأهداف التعليمية', 100),
(1, 'أنشطة الدرس الرئيسة واضحة ومتدرجة ومرتبطة بالأهداف', 'تقييم مدى ارتباط الأنشطة بالأهداف', 100),

-- مجال المحتوى والأساليب
(2, 'المادة العلمية دقيقة ومناسبة', 'تقييم دقة ومناسبة المحتوى العلمي', 100),
(2, 'طرائق التدريس وإستراتيجياته متنوعة وتتمحور حول الطالب', 'تقييم تنوع وفعالية طرق التدريس', 100),
(2, 'الوسائل التعليمية والتكنولوجيا موظفة بصورة مناسبة', 'تقييم توظيف التقنيات التعليمية', 100),

-- مجال بيئة التعلم
(3, 'البيئة الصفية إيجابية وآمنة وداعمة للتعلم', 'تقييم جودة البيئة الصفية', 100),
(3, 'إدارة أنشطة التعلم والمشاركات الصفية تتم بصورة منظمة', 'تقييم إدارة الصف', 100),
(3, 'قوانين إدارة الصف وإدارة السلوك مفعلة', 'تقييم تطبيق القوانين الصفية', 100),

-- مجال التقويم
(4, 'أساليب التقويم مناسبة ومتنوعة', 'تقييم تنوع وفعالية أساليب التقويم', 100),
(4, 'التغذية الراجعة متنوعة ومستمرة', 'تقييم جودة التغذية الراجعة', 100),
(4, 'أعمال الطلبة متابعة ومصححة بدقة', 'تقييم متابعة وتصحيح أعمال الطلبة', 100),

-- مجال المهارات العملية
(5, 'مدى صلاحية وتوافر الأدوات اللازمة للنشاط العملي', 'تقييم توفر وصلاحية الأدوات', 100),
(5, 'شرح إجراءات الأمن والسلامة', 'تقييم الالتزام بإجراءات السلامة', 100),
(5, 'تسجيل الملاحظات والنتائج', 'تقييم توثيق التجارب والنتائج', 100);

-- إضافة السنوات الدراسية
INSERT INTO academic_years (name, start_date, end_date, is_current) VALUES
('2023/2024', '2023-09-01', '2024-08-31', 0),
('2024/2025', '2024-09-01', '2025-08-31', 1),
('2025/2026', '2025-09-01', '2026-08-31', 0);

-- إضافة المراحل التعليمية
INSERT INTO educational_levels (name) VALUES
('المرحلة الابتدائية'),
('المرحلة الإعدادية'),
('المرحلة الثانوية');

-- إضافة المدارس
INSERT INTO schools (name, school_code, email, phone, address) VALUES
('مدرسة الأمل الابتدائية للبنين', 'SCH001', 'alamal@edu.qa', '44123456', 'المنطقة التعليمية الأولى'),
('مدرسة النور الابتدائية للبنات', 'SCH002', 'alnoor@edu.qa', '44123457', 'المنطقة التعليمية الثانية'),
('مدرسة الرسالة الإعدادية للبنين', 'SCH003', 'alresala@edu.qa', '44123458', 'المنطقة التعليمية الثالثة'),
('مدرسة المعرفة الإعدادية للبنات', 'SCH004', 'almarefa@edu.qa', '44123459', 'المنطقة التعليمية الرابعة'),
('مدرسة التميز الثانوية للبنين', 'SCH005', 'altamayoz@edu.qa', '44123460', 'المنطقة التعليمية الخامسة'),
('مدرسة الإبداع الثانوية للبنات', 'SCH006', 'alebdaa@edu.qa', '44123461', 'المنطقة التعليمية السادسة'),
('مدرسة القمة الابتدائية المشتركة', 'SCH007', 'alqimma@edu.qa', '44123462', 'المنطقة التعليمية السابعة'),
('مدرسة الريادة الإعدادية المشتركة', 'SCH008', 'alreyada@edu.qa', '44123463', 'المنطقة التعليمية الثامنة'),
('مدرسة النهضة الثانوية المشتركة', 'SCH009', 'alnahda@edu.qa', '44123464', 'المنطقة التعليمية التاسعة'),
('مدرسة الفلاح الابتدائية للبنين', 'SCH010', 'alfalah@edu.qa', '44123465', 'المنطقة التعليمية العاشرة');

-- إضافة الصفوف
INSERT INTO grades (name, level_id) VALUES
-- المرحلة الابتدائية
('الصف الأول', 1),
('الصف الثاني', 1),
('الصف الثالث', 1),
('الصف الرابع', 1),
('الصف الخامس', 1),
('الصف السادس', 1),
-- المرحلة الإعدادية
('الصف السابع', 2),
('الصف الثامن', 2),
('الصف التاسع', 2),
-- المرحلة الثانوية
('الصف العاشر', 3),
('الصف الحادي عشر', 3),
('الصف الثاني عشر', 3);

-- إضافة الشعب
INSERT INTO sections (name, grade_id, school_id) VALUES
-- شعب الصف الأول في مدرسة الأمل
('1/1', 1, 1),
('1/2', 1, 1),
('1/3', 1, 1),
('1/4', 1, 1),
-- شعب الصف السابع في مدرسة الرسالة
('7/1', 7, 3),
('7/2', 7, 3),
('7/3', 7, 3),
('7/4', 7, 3),
-- شعب الصف العاشر في مدرسة التميز
('10/1', 10, 5),
('10/2', 10, 5),
('10/3', 10, 5),
('10/4', 10, 5);

-- إضافة المواد الدراسية
INSERT INTO subjects (name) VALUES
('اللغة العربية'),
('اللغة الإنجليزية'),
('الرياضيات'),
('العلوم'),
('التربية الإسلامية'),
('الاجتماعيات'),
('التربية الفنية'),
('التربية البدنية'),
('الحاسب الآلي'),
('الفيزياء'),
('الكيمياء'),
('الأحياء');

-- إضافة أنواع الزائرين
INSERT INTO visitor_types (name) VALUES
('مدير المدرسة'),
('نائب المدير للشؤون الأكاديمية'),
('منسق المادة'),
('موجه المادة'),
('المشرف التربوي'),
('رئيس القسم'),
('المقيم الخارجي'),
('مدير الجودة'),
('مدير المنطقة التعليمية'),
('خبير المادة');

-- إضافة المعلمين
INSERT INTO teachers (name, school_id, job_title, personal_id, email, phone) VALUES
-- مدرسة الأمل الابتدائية للبنين
('أحمد محمد علي', 1, 'معلم', 'T001', 'ahmed@edu.qa', '55123456'),
('محمد عبدالله حسن', 1, 'معلم', 'T002', 'mohamed@edu.qa', '55123457'),
('عبدالرحمن خالد أحمد', 1, 'منسق المادة', 'T003', 'abdulrahman@edu.qa', '55123458'),
('خالد وليد إبراهيم', 1, 'معلم', 'T004', 'khalid@edu.qa', '55123459'),
-- مدرسة النور الابتدائية للبنات
('فاطمة أحمد محمد', 2, 'معلمة', 'T005', 'fatima@edu.qa', '55123460'),
('نورة محمد عبدالله', 2, 'منسقة المادة', 'T006', 'noura@edu.qa', '55123461'),
('سارة خالد محمد', 2, 'معلمة', 'T007', 'sara@edu.qa', '55123462'),
('ريم عبدالله أحمد', 2, 'معلمة', 'T008', 'reem@edu.qa', '55123463'),
-- مدرسة الرسالة الإعدادية للبنين
('عمر خالد محمد', 3, 'معلم', 'T009', 'omar@edu.qa', '55123464'),
('يوسف أحمد علي', 3, 'منسق المادة', 'T010', 'youssef@edu.qa', '55123465'),
('طارق محمد حسن', 3, 'معلم', 'T011', 'tarek@edu.qa', '55123466'),
('فيصل عبدالله محمد', 3, 'معلم', 'T012', 'faisal@edu.qa', '55123467'),
-- مدرسة المعرفة الإعدادية للبنات
('منى محمد أحمد', 4, 'معلمة', 'T013', 'mona@edu.qa', '55123468'),
('هدى خالد علي', 4, 'منسقة المادة', 'T014', 'huda@edu.qa', '55123469'),
('عائشة محمد حسن', 4, 'معلمة', 'T015', 'aisha@edu.qa', '55123470'),
('لطيفة عبدالله محمد', 4, 'معلمة', 'T016', 'latifa@edu.qa', '55123471');

-- ربط المعلمين بالمواد
INSERT INTO teacher_subjects (teacher_id, subject_id) VALUES
(1, 1), -- أحمد محمد علي - لغة عربية
(1, 5), -- أحمد محمد علي - تربية إسلامية
(2, 2), -- محمد عبدالله حسن - لغة إنجليزية
(3, 3), -- عبدالرحمن خالد أحمد - رياضيات
(4, 4), -- خالد وليد إبراهيم - علوم
(5, 1), -- فاطمة أحمد محمد - لغة عربية
(6, 2), -- نورة محمد عبدالله - لغة إنجليزية
(7, 3), -- سارة خالد محمد - رياضيات
(8, 4), -- ريم عبدالله أحمد - علوم
(9, 10), -- عمر خالد محمد - فيزياء
(10, 11), -- يوسف أحمد علي - كيمياء
(11, 12), -- طارق محمد حسن - أحياء
(12, 3), -- فيصل عبدالله محمد - رياضيات
(13, 1), -- منى محمد أحمد - لغة عربية
(14, 2), -- هدى خالد علي - لغة إنجليزية
(15, 3), -- عائشة محمد حسن - رياضيات
(16, 4); -- لطيفة عبدالله محمد - علوم

-- إضافة الزيارات
INSERT INTO visits (teacher_id, visitor_type_id, visitor_person_id, visit_date, grade_id, section_id, subject_id, period_number, total_score, general_notes, academic_year_id) VALUES
(1, 1, 3, '2024-02-01', 1, 1, 1, 1, 85, 'أداء جيد جداً مع الحاجة لتحسين استخدام التقنية', 2),
(2, 2, 6, '2024-02-02', 1, 2, 2, 2, 90, 'مستوى متميز في إدارة الصف', 2),
(3, 3, 10, '2024-02-03', 2, 1, 3, 3, 88, 'تفاعل جيد مع الطلاب', 2),
(4, 4, 14, '2024-02-04', 2, 2, 4, 4, 92, 'استخدام فعال للوسائل التعليمية', 2),
(5, 1, 3, '2024-02-05', 3, 1, 1, 1, 87, 'تحسن ملحوظ في الأداء', 2),
(6, 2, 6, '2024-02-06', 3, 2, 2, 2, 89, 'حاجة لتنويع أساليب التقييم', 2),
(7, 3, 10, '2024-02-07', 4, 1, 3, 3, 91, 'تميز في شرح المفاهيم الصعبة', 2),
(8, 4, 14, '2024-02-08', 4, 2, 4, 4, 86, 'تفعيل جيد للتعلم النشط', 2),
(9, 1, 3, '2024-02-09', 7, 5, 10, 1, 88, 'أداء متميز في التجارب العملية', 2),
(10, 2, 6, '2024-02-10', 7, 6, 11, 2, 90, 'تنظيم ممتاز للوقت', 2);

-- إضافة تقييمات الزيارات
INSERT INTO visit_evaluations (visit_id, indicator_id, score, recommendation_id) VALUES
(1, 1, 4, 1),
(1, 2, 3, 5),
(1, 3, 4, 9),
(2, 1, 4, 2),
(2, 2, 4, 6),
(2, 3, 3, 10),
(3, 1, 3, 3),
(3, 2, 4, 7),
(3, 3, 4, 11),
(4, 1, 4, 4),
(4, 2, 3, 8),
(4, 3, 4, 12),
(5, 1, 3, 1),
(5, 2, 4, 5),
(5, 3, 3, 9),
(6, 1, 4, 2),
(6, 2, 3, 6),
(6, 3, 4, 10),
(7, 1, 4, 3),
(7, 2, 4, 7),
(7, 3, 3, 11),
(8, 1, 3, 4),
(8, 2, 4, 8),
(8, 3, 3, 12),
(9, 1, 4, 1),
(9, 2, 3, 5),
(9, 3, 4, 9),
(10, 1, 4, 2),
(10, 2, 4, 6),
(10, 3, 3, 10); 